new_value,old_value
LSO-50000,1
LSO-50001,18
LSO-50002,19
LSO-50003,3005
LSO-50004,12
LSO-50005,43
LSO-50006,113
LSO-50007,127
LSO-50008,193
LSO-50009,196
LSO-50010,217
LSO-50011,222
LSO-50012,265
LSO-50013,297
LSO-50014,302
LSO-50015,342
LSO-50016,438
LSO-50017,440
LSO-50018,450
LSO-50019,462
LSO-50020,472
LSO-50021,481
LSO-50022,498
LSO-50023,508
LSO-50024,513
LSO-50025,523
LSO-50026,538
LSO-50027,570
LSO-50028,584
LSO-50029,598
LSO-50030,635
LSO-50031,637
LSO-50032,674
LSO-50033,690
LSO-50034,729
LSO-50035,808
LSO-50036,839
LSO-50037,861
LSO-50038,880
LSO-50039,885
LSO-50040,937
LSO-50041,941
LSO-50042,952
LSO-50043,966
LSO-50044,967
LSO-50045,979
LSO-50046,990
LSO-50047,1045
LSO-50048,1047
LSO-50049,1059
LSO-50050,1094
LSO-50051,1113
LSO-50052,1175
LSO-50053,1211
LSO-50054,1269
LSO-50055,1272
LSO-50056,1274
LSO-50057,1322
LSO-50058,1323
LSO-50059,1324
LSO-50060,1325
LSO-50061,1326
LSO-50062,1327
LSO-50063,1328
LSO-50064,1329
LSO-50065,1330
LSO-50066,1331
LSO-50067,1332
LSO-50068,1333
LSO-50069,1334
LSO-50070,1335
LSO-50071,1336
LSO-50072,1337
LSO-50073,1338
LSO-50074,1339
LSO-50075,1340
LSO-50076,1341
LSO-50077,1342
LSO-50078,1343
LSO-50079,1344
LSO-50080,1345
LSO-50081,1346
LSO-50082,1347
LSO-50083,1348
LSO-50084,1349
LSO-50085,1350
LSO-50086,1351
LSO-50087,1352
LSO-50088,1353
LSO-50089,1354
LSO-50090,1355
LSO-50091,1356
LSO-50092,1357
LSO-50093,1358
LSO-50094,1359
LSO-50095,1360
LSO-50096,1361
LSO-50097,1362
LSO-50098,1363
LSO-50099,1364
LSO-50100,1365
LSO-50101,1366
LSO-50102,1367
LSO-50103,1368
LSO-50104,1369
LSO-50105,1370
LSO-50106,1371
LSO-50107,1372
LSO-50108,1373
LSO-50109,1374
LSO-50110,1375
LSO-50111,1376
LSO-50112,1377
LSO-50113,1378
LSO-50114,1379
LSO-50115,1380
LSO-50116,1381
LSO-50117,1382
LSO-50118,1383
LSO-50119,1384
LSO-50120,1385
LSO-50121,1386
LSO-50122,1387
LSO-50123,1388
LSO-50124,1389
LSO-50125,1390
LSO-50126,1391
LSO-50127,1392
LSO-50128,1393
LSO-50129,1394
LSO-50130,1395
LSO-50131,1396
LSO-50132,1397
LSO-50133,1399
LSO-50134,1400
LSO-50135,1401
LSO-50136,1402
LSO-50137,1403
LSO-50138,1404
LSO-50139,1405
LSO-50140,1406
LSO-50141,1407
LSO-50142,1408
LSO-50143,1409
LSO-50144,1410
LSO-50145,1411
LSO-50146,1412
LSO-50147,1413
LSO-50148,1414
LSO-50149,1415
LSO-50150,1416
LSO-50151,1417
LSO-50152,1418
LSO-50153,1419
LSO-50154,1421
LSO-50155,1422
LSO-50156,1423
LSO-50157,1424
LSO-50158,1425
LSO-50159,1426
LSO-50160,1427
LSO-50161,1428
LSO-50162,1429
LSO-50163,1430
LSO-50164,1431
LSO-50165,1432
LSO-50166,1434
LSO-50167,1436
LSO-50168,1437
LSO-50169,1438
LSO-50170,1439
LSO-50171,1440
LSO-50172,1441
LSO-50173,1442
LSO-50174,1443
LSO-50175,1444
LSO-50176,1445
LSO-50177,1446
LSO-50178,1447
LSO-50179,1448
LSO-50180,1449
LSO-50181,1450
LSO-50182,1451
LSO-50183,1454
LSO-50184,1455
LSO-50185,1456
LSO-50186,1457
LSO-50187,1458
LSO-50188,1459
LSO-50189,1460
LSO-50190,1461
LSO-50191,1462
LSO-50192,1463
LSO-50193,1464
LSO-50194,1465
LSO-50195,1466
LSO-50196,1467
LSO-50197,1468
LSO-50198,1469
LSO-50199,1470
LSO-50200,1471
LSO-50201,1472
LSO-50202,1473
LSO-50203,1474
LSO-50204,1475
LSO-50205,1476
LSO-50206,1478
LSO-50207,1479
LSO-50208,1480
LSO-50209,1481
LSO-50210,1482
LSO-50211,1483
LSO-50212,1484
LSO-50213,1485
LSO-50214,1486
LSO-50215,1487
LSO-50216,1488
LSO-50217,1489
LSO-50218,1490
LSO-50219,1491
LSO-50220,1492
LSO-50221,1493
LSO-50222,1494
LSO-50223,1495
LSO-50224,1496
LSO-50225,1497
LSO-50226,1498
LSO-50227,1499
LSO-50228,1500
LSO-50229,1501
LSO-50230,1502
LSO-50231,1503
LSO-50232,1504
LSO-50233,1505
LSO-50234,1506
LSO-50235,1507
LSO-50236,1508
LSO-50237,1509
LSO-50238,1510
LSO-50239,1512
LSO-50240,1513
LSO-50241,1514
LSO-50242,1515
LSO-50243,1516
LSO-50244,1517
LSO-50245,1518
LSO-50246,1519
LSO-50247,1520
LSO-50248,1521
LSO-50249,1522
LSO-50250,1523
LSO-50251,1524
LSO-50252,1525
LSO-50253,1526
LSO-50254,1527
LSO-50255,1528
LSO-50256,1529
LSO-50257,1530
LSO-50258,1531
LSO-50259,1533
LSO-50260,1534
LSO-50261,1535
LSO-50262,1536
LSO-50263,1537
LSO-50264,1538
LSO-50265,1539
LSO-50266,1540
LSO-50267,1541
LSO-50268,1542
LSO-50269,1543
LSO-50270,1544
LSO-50271,1545
LSO-50272,1546
LSO-50273,1547
LSO-50274,1548
LSO-50275,1549
LSO-50276,1550
LSO-50277,1552
LSO-50278,1553
LSO-50279,1554
LSO-50280,1555
LSO-50281,1556
LSO-50282,1558
LSO-50283,1560
LSO-50284,1561
LSO-50285,1562
LSO-50286,1563
LSO-50287,1564
LSO-50288,1565
LSO-50289,1566
LSO-50290,1567
LSO-50291,1568
LSO-50292,1569
LSO-50293,1570
LSO-50294,1571
LSO-50295,1572
LSO-50296,1573
LSO-50297,1574
LSO-50298,1575
LSO-50299,1576
LSO-50300,1577
LSO-50301,1578
LSO-50302,1580
LSO-50303,1581
LSO-50304,1582
LSO-50305,1583
LSO-50306,1584
LSO-50307,1585
LSO-50308,1586
LSO-50309,1587
LSO-50310,1588
LSO-50311,1589
LSO-50312,1590
LSO-50313,1591
LSO-50314,1592
LSO-50315,1593
LSO-50316,1594
LSO-50317,1595
LSO-50318,1596
LSO-50319,1597
LSO-50320,1598
LSO-50321,1601
LSO-50322,1602
LSO-50323,1603
LSO-50324,1604
LSO-50325,1606
LSO-50326,1607
LSO-50327,1608
LSO-50328,1609
LSO-50329,1610
LSO-50330,1611
LSO-50331,1612
LSO-50332,1613
LSO-50333,1614
LSO-50334,1615
LSO-50335,1616
LSO-50336,1617
LSO-50337,1618
LSO-50338,1619
LSO-50339,1620
LSO-50340,1621
LSO-50341,1622
LSO-50342,1623
LSO-50343,1624
LSO-50344,1625
LSO-50345,1626
LSO-50346,1627
LSO-50347,1629
LSO-50348,1630
LSO-50349,1631
LSO-50350,1632
LSO-50351,1633
LSO-50352,1634
LSO-50353,1635
LSO-50354,1636
LSO-50355,1638
LSO-50356,1639
LSO-50357,1640
LSO-50358,1641
LSO-50359,1642
LSO-50360,1643
LSO-50361,1644
LSO-50362,1645
LSO-50363,1646
LSO-50364,1647
LSO-50365,1648
LSO-50366,1649
LSO-50367,1650
LSO-50368,1651
LSO-50369,1652
LSO-50370,1653
LSO-50371,1654
LSO-50372,1657
LSO-50373,1658
LSO-50374,1659
LSO-50375,1660
LSO-50376,1661
LSO-50377,1662
LSO-50378,1663
LSO-50379,1664
LSO-50380,1665
LSO-50381,1666
LSO-50382,1667
LSO-50383,1668
LSO-50384,1669
LSO-50385,1670
LSO-50386,1671
LSO-50387,1672
LSO-50388,1673
LSO-50389,1674
LSO-50390,1675
LSO-50391,1676
LSO-50392,1677
LSO-50393,1678
LSO-50394,1679
LSO-50395,1680
LSO-50396,1681
LSO-50397,1682
LSO-50398,1683
LSO-50399,1684
LSO-50400,1685
LSO-50401,1686
LSO-50402,1687
LSO-50403,1688
LSO-50404,1689
LSO-50405,1690
LSO-50406,1691
LSO-50407,1692
LSO-50408,1693
LSO-50409,1694
LSO-50410,1695
LSO-50411,1696
LSO-50412,1697
LSO-50413,1698
LSO-50414,1699
LSO-50415,1700
LSO-50416,1701
LSO-50417,1702
LSO-50418,1703
LSO-50419,1704
LSO-50420,1705
LSO-50421,1706
LSO-50422,1707
LSO-50423,1708
LSO-50424,1709
LSO-50425,1710
LSO-50426,1711
LSO-50427,1712
LSO-50428,1713
LSO-50429,1714
LSO-50430,1715
LSO-50431,1717
LSO-50432,1719
LSO-50433,1720
LSO-50434,1722
LSO-50435,1723
LSO-50436,1724
LSO-50437,1725
LSO-50438,1727
LSO-50439,1728
LSO-50440,1729
LSO-50441,1730
LSO-50442,1731
LSO-50443,1732
LSO-50444,1733
LSO-50445,1734
LSO-50446,1735
LSO-50447,1736
LSO-50448,1738
LSO-50449,1739
LSO-50450,1740
LSO-50451,1741
LSO-50452,1742
LSO-50453,1743
LSO-50454,1745
LSO-50455,1747
LSO-50456,1748
LSO-50457,1749
LSO-50458,1750
LSO-50459,1751
LSO-50460,1752
LSO-50461,1753
LSO-50462,1754
LSO-50463,1756
LSO-50464,1757
LSO-50465,1758
LSO-50466,1759
LSO-50467,1760
LSO-50468,1761
LSO-50469,1762
LSO-50470,1763
LSO-50471,1764
LSO-50472,1766
LSO-50473,1768
LSO-50474,1769
LSO-50475,1770
LSO-50476,1771
LSO-50477,1773
LSO-50478,1774
LSO-50479,1775
LSO-50480,1777
LSO-50481,1778
LSO-50482,1779
LSO-50483,1780
LSO-50484,1781
LSO-50485,1782
LSO-50486,1783
LSO-50487,1784
LSO-50488,1785
LSO-50489,1787
LSO-50490,1788
LSO-50491,1789
LSO-50492,1790
LSO-50493,1791
LSO-50494,1792
LSO-50495,1793
LSO-50496,1794
LSO-50497,1795
LSO-50498,1796
LSO-50499,1797
LSO-50500,1798
LSO-50501,1799
LSO-50502,1800
LSO-50503,1803
LSO-50504,1804
LSO-50505,1805
LSO-50506,1806
LSO-50507,1807
LSO-50508,1808
LSO-50509,1809
LSO-50510,1810
LSO-50511,1811
LSO-50512,1812
LSO-50513,1813
LSO-50514,1814
LSO-50515,1815
LSO-50516,1816
LSO-50517,1817
LSO-50518,1818
LSO-50519,1819
LSO-50520,1820
LSO-50521,1821
LSO-50522,1822
LSO-50523,1823
LSO-50524,1824
LSO-50525,1825
LSO-50526,1826
LSO-50527,1827
LSO-50528,1829
LSO-50529,1830
LSO-50530,1831
LSO-50531,1832
LSO-50532,1833
LSO-50533,1834
LSO-50534,1835
LSO-50535,1836
LSO-50536,1837
LSO-50537,1838
LSO-50538,1839
LSO-50539,1840
LSO-50540,1841
LSO-50541,1842
LSO-50542,1843
LSO-50543,1844
LSO-50544,1845
LSO-50545,1847
LSO-50546,1848
LSO-50547,1849
LSO-50548,1850
LSO-50549,1851
LSO-50550,1852
LSO-50551,1853
LSO-50552,1854
LSO-50553,1855
LSO-50554,1856
LSO-50555,1858
LSO-50556,1859
LSO-50557,1860
LSO-50558,1861
LSO-50559,1862
LSO-50560,1863
LSO-50561,1864
LSO-50562,1865
LSO-50563,1866
LSO-50564,1867
LSO-50565,1868
LSO-50566,1869
LSO-50567,1870
LSO-50568,1871
LSO-50569,1872
LSO-50570,1873
LSO-50571,1874
LSO-50572,1875
LSO-50573,1876
LSO-50574,1877
LSO-50575,1878
LSO-50576,1879
LSO-50577,1880
LSO-50578,1881
LSO-50579,1882
LSO-50580,1883
LSO-50581,1884
LSO-50582,1885
LSO-50583,1886
LSO-50584,1887
LSO-50585,1888
LSO-50586,1889
LSO-50587,1890
LSO-50588,1891
LSO-50589,1892
LSO-50590,1893
LSO-50591,1894
LSO-50592,1895
LSO-50593,1896
LSO-50594,1897
LSO-50595,1898
LSO-50596,1899
LSO-50597,1900
LSO-50598,1901
LSO-50599,1903
LSO-50600,1904
LSO-50601,1905
LSO-50602,1906
LSO-50603,1907
LSO-50604,1908
LSO-50605,1909
LSO-50606,1910
LSO-50607,1911
LSO-50608,1912
LSO-50609,1913
LSO-50610,1914
LSO-50611,1915
LSO-50612,1916
LSO-50613,1917
LSO-50614,1918
LSO-50615,1919
LSO-50616,1921
LSO-50617,1923
LSO-50618,1924
LSO-50619,1925
LSO-50620,1926
LSO-50621,1927
LSO-50622,1928
LSO-50623,1929
LSO-50624,1930
LSO-50625,1931
LSO-50626,1932
LSO-50627,1933
LSO-50628,1934
LSO-50629,1935
LSO-50630,1936
LSO-50631,1937
LSO-50632,1938
LSO-50633,1939
LSO-50634,1940
LSO-50635,1941
LSO-50636,1942
LSO-50637,1943
LSO-50638,1945
LSO-50639,1946
LSO-50640,1947
LSO-50641,1948
LSO-50642,1949
LSO-50643,1950
LSO-50644,1951
LSO-50645,1952
LSO-50646,1953
LSO-50647,1954
LSO-50648,1955
LSO-50649,1956
LSO-50650,1957
LSO-50651,1958
LSO-50652,1959
LSO-50653,1960
LSO-50654,1961
LSO-50655,1962
LSO-50656,1963
LSO-50657,1964
LSO-50658,1965
LSO-50659,1966
LSO-50660,1967
LSO-50661,1968
LSO-50662,1971
LSO-50663,1973
LSO-50664,1974
LSO-50665,1975
LSO-50666,1976
LSO-50667,1977
LSO-50668,1978
LSO-50669,1979
LSO-50670,1980
LSO-50671,1981
LSO-50672,1982
LSO-50673,1983
LSO-50674,1986
LSO-50675,1987
LSO-50676,1988
LSO-50677,1989
LSO-50678,1992
LSO-50679,1993
LSO-50680,1994
LSO-50681,1995
LSO-50682,1996
LSO-50683,1997
LSO-50684,1998
LSO-50685,1999
LSO-50686,2000
LSO-50687,2001
LSO-50688,2002
LSO-50689,2003
LSO-50690,2004
LSO-50691,2005
LSO-50692,2007
LSO-50693,2008
LSO-50694,2009
LSO-50695,2010
LSO-50696,2011
LSO-50697,2012
LSO-50698,2013
LSO-50699,2014
LSO-50700,2015
LSO-50701,2016
LSO-50702,2018
LSO-50703,2019
LSO-50704,2021
LSO-50705,2022
LSO-50706,2023
LSO-50707,2024
LSO-50708,2025
LSO-50709,2026
LSO-50710,2027
LSO-50711,2028
LSO-50712,2029
LSO-50713,2032
LSO-50714,2033
LSO-50715,2034
LSO-50716,2036
LSO-50717,2037
LSO-50718,2038
LSO-50719,2039
LSO-50720,2040
LSO-50721,2041
LSO-50722,2042
LSO-50723,2043
LSO-50724,2044
LSO-50725,2045
LSO-50726,2046
LSO-50727,2047
LSO-50728,2048
LSO-50729,2050
LSO-50730,2051
LSO-50731,2052
LSO-50732,2053
LSO-50733,2054
LSO-50734,2055
LSO-50735,2056
LSO-50736,2057
LSO-50737,2058
LSO-50738,2059
LSO-50739,2060
LSO-50740,2061
LSO-50741,2062
LSO-50742,2063
LSO-50743,2064
LSO-50744,2065
LSO-50745,2066
LSO-50746,2067
LSO-50747,2070
LSO-50748,2071
LSO-50749,2073
LSO-50750,2074
LSO-50751,2075
LSO-50752,2077
LSO-50753,2078
LSO-50754,2079
LSO-50755,2080
LSO-50756,2081
LSO-50757,2082
LSO-50758,2083
LSO-50759,2084
LSO-50760,2085
LSO-50761,2086
LSO-50762,2087
LSO-50763,2088
LSO-50764,2089
LSO-50765,2090
LSO-50766,2091
LSO-50767,2092
LSO-50768,2093
LSO-50769,2094
LSO-50770,2095
LSO-50771,2096
LSO-50772,2097
LSO-50773,2100
LSO-50774,2102
LSO-50775,2103
LSO-50776,2104
LSO-50777,2105
LSO-50778,2106
LSO-50779,2107
LSO-50780,2108
LSO-50781,2109
LSO-50782,2110
LSO-50783,2112
LSO-50784,2113
LSO-50785,2114
LSO-50786,2115
LSO-50787,2116
LSO-50788,2117
LSO-50789,2118
LSO-50790,2119
LSO-50791,2120
LSO-50792,2121
LSO-50793,2122
LSO-50794,2123
LSO-50795,2124
LSO-50796,2125
LSO-50797,2126
LSO-50798,2127
LSO-50799,2128
LSO-50800,2129
LSO-50801,2130
LSO-50802,2132
LSO-50803,2133
LSO-50804,2134
LSO-50805,2135
LSO-50806,2136
LSO-50807,2137
LSO-50808,2138
LSO-50809,2139
LSO-50810,2140
LSO-50811,2141
LSO-50812,2142
LSO-50813,2143
LSO-50814,2144
LSO-50815,2145
LSO-50816,2146
LSO-50817,2147
LSO-50818,2148
LSO-50819,2149
LSO-50820,2150
LSO-50821,2151
LSO-50822,2153
LSO-50823,2154
LSO-50824,2155
LSO-50825,2156
LSO-50826,2157
LSO-50827,2159
LSO-50828,2160
LSO-50829,2161
LSO-50830,2162
LSO-50831,2163
LSO-50832,2164
LSO-50833,2165
LSO-50834,2166
LSO-50835,2167
LSO-50836,2168
LSO-50837,2169
LSO-50838,2170
LSO-50839,2171
LSO-50840,2172
LSO-50841,2173
LSO-50842,2174
LSO-50843,2175
LSO-50844,2176
LSO-50845,2177
LSO-50846,2178
LSO-50847,2179
LSO-50848,2180
LSO-50849,2182
LSO-50850,2183
LSO-50851,2184
LSO-50852,2185
LSO-50853,2186
LSO-50854,2187
LSO-50855,2188
LSO-50856,2189
LSO-50857,2190
LSO-50858,2191
LSO-50859,2192
LSO-50860,2193
LSO-50861,2195
LSO-50862,2196
LSO-50863,2197
LSO-50864,2198
LSO-50865,2199
LSO-50866,2200
LSO-50867,2201
LSO-50868,2202
LSO-50869,2203
LSO-50870,2204
LSO-50871,2205
LSO-50872,2206
LSO-50873,2207
LSO-50874,2208
LSO-50875,2209
LSO-50876,2210
LSO-50877,2211
LSO-50878,2212
LSO-50879,2213
LSO-50880,2214
LSO-50881,2215
LSO-50882,2216
LSO-50883,2217
LSO-50884,2219
LSO-50885,2220
LSO-50886,2221
LSO-50887,2222
LSO-50888,2223
LSO-50889,2224
LSO-50890,2225
LSO-50891,2226
LSO-50892,2227
LSO-50893,2228
LSO-50894,2229
LSO-50895,2230
LSO-50896,2232
LSO-50897,2233
LSO-50898,2234
LSO-50899,2235
LSO-50900,2236
LSO-50901,2237
LSO-50902,2238
LSO-50903,2239
LSO-50904,2240
LSO-50905,2241
LSO-50906,2243
LSO-50907,2244
LSO-50908,2245
LSO-50909,2246
LSO-50910,2247
LSO-50911,2248
LSO-50912,2249
LSO-50913,2250
LSO-50914,2252
LSO-50915,2253
LSO-50916,2254
LSO-50917,2255
LSO-50918,2256
LSO-50919,2257
LSO-50920,2258
LSO-50921,2259
LSO-50922,2260
LSO-50923,2261
LSO-50924,2262
LSO-50925,2263
LSO-50926,2264
LSO-50927,2265
LSO-50928,2266
LSO-50929,2267
LSO-50930,2268
LSO-50931,2269
LSO-50932,2271
LSO-50933,2272
LSO-50934,2273
LSO-50935,2274
LSO-50936,2275
LSO-50937,2276
LSO-50938,2277
LSO-50939,2278
LSO-50940,2279
LSO-50941,2280
LSO-50942,2281
LSO-50943,2282
LSO-50944,2283
LSO-50945,2284
LSO-50946,2285
LSO-50947,2286
LSO-50948,2287
LSO-50949,2288
LSO-50950,2289
LSO-50951,2290
LSO-50952,2291
LSO-50953,2292
LSO-50954,2293
LSO-50955,2294
LSO-50956,2295
LSO-50957,2296
LSO-50958,2297
LSO-50959,2298
LSO-50960,2299
LSO-50961,2300
LSO-50962,2301
LSO-50963,2302
LSO-50964,2303
LSO-50965,2304
LSO-50966,2305
LSO-50967,2307
LSO-50968,2308
LSO-50969,2309
LSO-50970,2310
LSO-50971,2311
LSO-50972,2312
LSO-50973,2313
LSO-50974,2314
LSO-50975,2315
LSO-50976,2316
LSO-50977,2317
LSO-50978,2318
LSO-50979,2319
LSO-50980,2320
LSO-50981,2321
LSO-50982,2322
LSO-50983,2323
LSO-50984,2324
LSO-50985,2325
LSO-50986,2326
LSO-50987,2327
LSO-50988,2328
LSO-50989,2329
LSO-50990,2330
LSO-50991,2331
LSO-50992,2332
LSO-50993,2333
LSO-50994,2334
LSO-50995,2336
LSO-50996,2337
LSO-50997,2338
LSO-50998,2339
LSO-50999,2340
LSO-51000,2341
LSO-51001,2342
LSO-51002,2343
LSO-51003,2344
LSO-51004,2345
LSO-51005,2346
LSO-51006,2347
LSO-51007,2348
LSO-51008,2349
LSO-51009,2350
LSO-51010,2351
LSO-51011,2352
LSO-51012,2353
LSO-51013,2354
LSO-51014,2355
LSO-51015,2356
LSO-51016,2357
LSO-51017,2358
LSO-51018,2359
LSO-51019,2360
LSO-51020,2361
LSO-51021,2362
LSO-51022,2363
LSO-51023,2364
LSO-51024,2365
LSO-51025,2366
LSO-51026,2367
LSO-51027,2368
LSO-51028,2369
LSO-51029,2371
LSO-51030,2372
LSO-51031,2373
LSO-51032,2374
LSO-51033,2375
LSO-51034,2376
LSO-51035,2377
LSO-51036,2378
LSO-51037,2379
LSO-51038,2380
LSO-51039,2381
LSO-51040,2383
LSO-51041,2384
LSO-51042,2386
LSO-51043,2387
LSO-51044,2388
LSO-51045,2389
LSO-51046,2390
LSO-51047,2391
LSO-51048,2392
LSO-51049,2394
LSO-51050,2395
LSO-51051,2396
LSO-51052,2397
LSO-51053,2398
LSO-51054,2399
LSO-51055,2400
LSO-51056,2401
LSO-51057,2402
LSO-51058,2403
LSO-51059,2404
LSO-51060,2405
LSO-51061,2406
LSO-51062,2407
LSO-51063,2408
LSO-51064,2410
LSO-51065,2411
LSO-51066,2412
LSO-51067,2413
LSO-51068,2414
LSO-51069,2416
LSO-51070,2417
LSO-51071,2418
LSO-51072,2419
LSO-51073,2420
LSO-51074,2421
LSO-51075,2422
LSO-51076,2423
LSO-51077,2424
LSO-51078,2425
LSO-51079,2426
LSO-51080,2427
LSO-51081,2428
LSO-51082,2430
LSO-51083,2431
LSO-51084,2432
LSO-51085,2433
LSO-51086,2434
LSO-51087,2435
LSO-51088,2436
LSO-51089,2437
LSO-51090,2438
LSO-51091,2439
LSO-51092,2440
LSO-51093,2441
LSO-51094,2442
LSO-51095,2443
LSO-51096,2445
LSO-51097,2446
LSO-51098,2447
LSO-51099,2448
LSO-51100,2449
LSO-51101,2450
LSO-51102,2451
LSO-51103,2452
LSO-51104,2453
LSO-51105,2454
LSO-51106,2456
LSO-51107,2457
LSO-51108,2458
LSO-51109,2459
LSO-51110,2461
LSO-51111,2462
LSO-51112,2463
LSO-51113,2464
LSO-51114,2465
LSO-51115,2466
LSO-51116,2468
LSO-51117,2469
LSO-51118,2470
LSO-51119,2471
LSO-51120,2472
LSO-51121,2473
LSO-51122,2474
LSO-51123,2475
LSO-51124,2476
LSO-51125,2477
LSO-51126,2478
LSO-51127,2479
LSO-51128,2480
LSO-51129,2481
LSO-51130,2482
LSO-51131,2483
LSO-51132,2484
LSO-51133,2485
LSO-51134,2486
LSO-51135,2487
LSO-51136,2488
LSO-51137,2489
LSO-51138,2490
LSO-51139,2491
LSO-51140,2492
LSO-51141,2493
LSO-51142,2494
LSO-51143,2495
LSO-51144,2496
LSO-51145,2497
LSO-51146,2498
LSO-51147,2499
LSO-51148,2500
LSO-51149,2501
LSO-51150,2502
LSO-51151,2503
LSO-51152,2504
LSO-51153,2505
LSO-51154,2506
LSO-51155,2507
LSO-51156,2508
LSO-51157,2509
LSO-51158,2510
LSO-51159,2511
LSO-51160,2512
LSO-51161,2513
LSO-51162,2514
LSO-51163,2515
LSO-51164,2516
LSO-51165,2517
LSO-51166,2518
LSO-51167,2519
LSO-51168,2520
LSO-51169,2521
LSO-51170,2522
LSO-51171,2523
LSO-51172,2524
LSO-51173,2525
LSO-51174,2526
LSO-51175,2527
LSO-51176,2528
LSO-51177,2529
LSO-51178,2530
LSO-51179,2532
LSO-51180,2533
LSO-51181,2534
LSO-51182,2535
LSO-51183,2537
LSO-51184,2538
LSO-51185,2539
LSO-51186,2540
LSO-51187,2541
LSO-51188,2542
LSO-51189,2543
LSO-51190,2544
LSO-51191,2545
LSO-51192,2546
LSO-51193,2547
LSO-51194,2548
LSO-51195,2549
LSO-51196,2550
LSO-51197,2551
LSO-51198,2552
LSO-51199,2553
LSO-51200,2554
LSO-51201,2555
LSO-51202,2556
LSO-51203,2557
LSO-51204,2558
LSO-51205,2559
LSO-51206,2560
LSO-51207,2561
LSO-51208,2562
LSO-51209,2563
LSO-51210,2564
LSO-51211,2565
LSO-51212,2566
LSO-51213,2567
LSO-51214,2568
LSO-51215,2569
LSO-51216,2570
LSO-51217,2571
LSO-51218,2572
LSO-51219,2573
LSO-51220,2574
LSO-51221,2575
LSO-51222,2578
LSO-51223,2579
LSO-51224,2580
LSO-51225,2581
LSO-51226,2582
LSO-51227,2586
LSO-51228,2587
LSO-51229,2588
LSO-51230,2589
LSO-51231,2590
LSO-51232,2591
LSO-51233,2592
LSO-51234,2593
LSO-51235,2596
LSO-51236,2597
LSO-51237,2598
LSO-51238,2599
LSO-51239,2600
LSO-51240,2602
LSO-51241,2603
LSO-51242,2604
LSO-51243,2605
LSO-51244,2606
LSO-51245,2607
LSO-51246,2608
LSO-51247,2610
LSO-51248,2611
LSO-51249,2612
LSO-51250,2613
LSO-51251,2614
LSO-51252,2615
LSO-51253,2616
LSO-51254,2618
LSO-51255,2619
LSO-51256,2620
LSO-51257,2621
LSO-51258,2622
LSO-51259,2623
LSO-51260,2624
LSO-51261,2625
LSO-51262,2626
LSO-51263,2627
LSO-51264,2628
LSO-51265,2629
LSO-51266,2630
LSO-51267,2631
LSO-51268,2632
LSO-51269,2633
LSO-51270,2634
LSO-51271,2635
LSO-51272,2636
LSO-51273,2638
LSO-51274,2639
LSO-51275,2640
LSO-51276,2641
LSO-51277,2642
LSO-51278,2643
LSO-51279,2645
LSO-51280,2646
LSO-51281,2647
LSO-51282,2648
LSO-51283,2649
LSO-51284,2650
LSO-51285,2651
LSO-51286,2652
LSO-51287,2653
LSO-51288,2654
LSO-51289,2656
LSO-51290,2657
LSO-51291,2659
LSO-51292,2660
LSO-51293,2661
LSO-51294,2662
LSO-51295,2663
LSO-51296,2664
LSO-51297,2665
LSO-51298,2666
LSO-51299,2667
LSO-51300,2668
LSO-51301,2669
LSO-51302,2670
LSO-51303,2671
LSO-51304,2672
LSO-51305,2673
LSO-51306,2674
LSO-51307,2676
LSO-51308,2677
LSO-51309,2678
LSO-51310,2679
LSO-51311,2680
LSO-51312,2681
LSO-51313,2682
LSO-51314,2683
LSO-51315,2684
LSO-51316,2685
LSO-51317,2686
LSO-51318,2687
LSO-51319,2688
LSO-51320,2689
LSO-51321,2690
LSO-51322,2691
LSO-51323,2692
LSO-51324,2693
LSO-51325,2694
LSO-51326,2695
LSO-51327,2696
LSO-51328,2697
LSO-51329,2699
LSO-51330,2700
LSO-51331,2701
LSO-51332,2702
LSO-51333,2703
LSO-51334,2704
LSO-51335,2705
LSO-51336,2706
LSO-51337,2707
LSO-51338,2708
LSO-51339,2709
LSO-51340,2711
LSO-51341,2712
LSO-51342,2713
LSO-51343,2714
LSO-51344,2715
LSO-51345,2716
LSO-51346,2717
LSO-51347,2718
LSO-51348,2719
LSO-51349,2720
LSO-51350,2721
LSO-51351,2722
LSO-51352,2724
LSO-51353,2726
LSO-51354,2727
LSO-51355,2728
LSO-51356,2729
LSO-51357,2730
LSO-51358,2731
LSO-51359,2732
LSO-51360,2733
LSO-51361,2735
LSO-51362,2736
LSO-51363,2737
LSO-51364,2738
LSO-51365,2739
LSO-51366,2740
LSO-51367,2741
LSO-51368,2742
LSO-51369,2743
LSO-51370,2744
LSO-51371,2745
LSO-51372,2746
LSO-51373,2747
LSO-51374,2748
LSO-51375,2749
LSO-51376,2750
LSO-51377,2752
LSO-51378,2753
LSO-51379,2754
LSO-51380,2755
LSO-51381,2756
LSO-51382,2758
LSO-51383,2759
LSO-51384,2760
LSO-51385,2761
LSO-51386,2762
LSO-51387,2763
LSO-51388,2764
LSO-51389,2765
LSO-51390,2766
LSO-51391,2767
LSO-51392,2768
LSO-51393,2769
LSO-51394,2770
LSO-51395,2771
LSO-51396,2772
LSO-51397,2773
LSO-51398,2774
LSO-51399,2775
LSO-51400,2776
LSO-51401,2777
LSO-51402,2778
LSO-51403,2779
LSO-51404,2782
LSO-51405,2783
LSO-51406,2784
LSO-51407,2785
LSO-51408,2786
LSO-51409,2787
LSO-51410,2788
LSO-51411,2790
LSO-51412,2791
LSO-51413,2792
LSO-51414,2793
LSO-51415,2794
LSO-51416,2795
LSO-51417,2796
LSO-51418,2797
LSO-51419,2798
LSO-51420,2799
LSO-51421,2800
LSO-51422,2801
LSO-51423,2802
LSO-51424,2803
LSO-51425,2804
LSO-51426,2805
LSO-51427,2806
LSO-51428,2807
LSO-51429,2808
LSO-51430,2809
LSO-51431,2810
LSO-51432,2812
LSO-51433,2813
LSO-51434,2814
LSO-51435,2815
LSO-51436,2816
LSO-51437,2817
LSO-51438,2818
LSO-51439,2819
LSO-51440,2821
LSO-51441,2822
LSO-51442,2823
LSO-51443,2824
LSO-51444,2825
LSO-51445,2826
LSO-51446,2827
LSO-51447,2828
LSO-51448,2829
LSO-51449,2830
LSO-51450,2831
LSO-51451,2832
LSO-51452,2833
LSO-51453,2835
LSO-51454,2837
LSO-51455,2839
LSO-51456,2841
LSO-51457,2842
LSO-51458,2843
LSO-51459,2844
LSO-51460,2845
LSO-51461,2846
LSO-51462,2847
LSO-51463,2848
LSO-51464,2850
LSO-51465,2851
LSO-51466,2852
LSO-51467,2853
LSO-51468,2854
LSO-51469,2856
LSO-51470,2857
LSO-51471,2858
LSO-51472,2859
LSO-51473,2860
LSO-51474,2861
LSO-51475,2862
LSO-51476,2863
LSO-51477,2864
LSO-51478,2865
LSO-51479,2866
LSO-51480,2867
LSO-51481,2868
LSO-51482,2869
LSO-51483,2870
LSO-51484,2871
LSO-51485,2872
LSO-51486,2873
LSO-51487,2874
LSO-51488,2875
LSO-51489,2876
LSO-51490,2877
LSO-51491,2878
LSO-51492,2879
LSO-51493,2880
LSO-51494,2881
LSO-51495,2882
LSO-51496,2883
LSO-51497,2884
LSO-51498,2885
LSO-51499,2886
LSO-51500,2887
LSO-51501,2888
LSO-51502,2889
LSO-51503,2890
LSO-51504,2892
LSO-51505,2893
LSO-51506,2894
LSO-51507,2895
LSO-51508,2896
LSO-51509,2897
LSO-51510,2898
LSO-51511,2899
LSO-51512,2900
LSO-51513,2901
LSO-51514,2902
LSO-51515,2903
LSO-51516,2904
LSO-51517,2905
LSO-51518,2908
LSO-51519,2909
LSO-51520,2910
LSO-51521,2911
LSO-51522,2912
LSO-51523,2913
LSO-51524,2914
LSO-51525,2915
LSO-51526,2916
LSO-51527,2917
LSO-51528,2918
LSO-51529,2919
LSO-51530,2920
LSO-51531,2921
LSO-51532,2922
LSO-51533,2923
LSO-51534,2925
LSO-51535,2926
LSO-51536,2927
LSO-51537,2928
LSO-51538,2929
LSO-51539,2930
LSO-51540,2931
LSO-51541,2932
LSO-51542,2933
LSO-51543,2934
LSO-51544,2935
LSO-51545,2936
LSO-51546,2938
LSO-51547,2939
LSO-51548,2940
LSO-51549,2941
LSO-51550,2943
LSO-51551,2944
LSO-51552,2945
LSO-51553,2946
LSO-51554,2947
LSO-51555,2949
LSO-51556,2950
LSO-51557,2951
LSO-51558,2952
LSO-51559,2953
LSO-51560,2954
LSO-51561,2955
LSO-51562,2956
LSO-51563,2957
LSO-51564,2958
LSO-51565,2959
LSO-51566,2960
LSO-51567,2961
LSO-51568,2962
LSO-51569,2963
LSO-51570,2964
LSO-51571,2966
LSO-51572,2967
LSO-51573,2968
LSO-51574,2969
LSO-51575,2970
LSO-51576,2971
LSO-51577,2973
LSO-51578,2974
LSO-51579,2975
LSO-51580,2977
LSO-51581,2978
LSO-51582,2979
LSO-51583,2980
LSO-51584,2981
LSO-51585,2982
LSO-51586,2983
LSO-51587,2984
LSO-51588,2985
LSO-51589,2986
LSO-51590,2987
LSO-51591,2988
LSO-51592,2989
LSO-51593,2990
LSO-51594,2991
LSO-51595,2992
LSO-51596,2993
LSO-51597,2994
LSO-51598,2995
LSO-51599,2997
LSO-51600,2998
LSO-51601,2999
LSO-51602,3000
LSO-51603,3001
LSO-51604,3002
LSO-51605,3003
LSO-51606,3004
LSO-51607,3006
LSO-51608,3007
LSO-51609,3008
LSO-51610,3009
LSO-51611,3010
LSO-51612,3011
LSO-51613,3012
LSO-51614,3013
LSO-51615,3014
LSO-51616,3015
LSO-51617,3016
LSO-51618,3017
LSO-51619,3018
LSO-51620,3019
LSO-51621,3020
LSO-51622,3021
LSO-51623,3022
LSO-51624,3023
LSO-51625,3024
LSO-51626,3025
LSO-51627,3026
LSO-51628,3027
LSO-51629,3028
LSO-51630,3029
LSO-51631,3030
LSO-51632,3032
LSO-51633,3033
LSO-51634,3034
LSO-51635,3035
LSO-51636,3036
LSO-51637,3037
LSO-51638,3038
LSO-51639,3039
LSO-51640,3040
LSO-51641,3041
LSO-51642,3042
LSO-51643,3043
LSO-51644,3044
LSO-51645,3045
LSO-51646,3046
LSO-51647,3047
LSO-51648,3048
LSO-51649,3051
LSO-51650,3052
LSO-51651,3053
LSO-51652,3054
LSO-51653,3055
LSO-51654,3057
LSO-51655,3058
LSO-51656,3059
LSO-51657,3060
LSO-51658,3062
LSO-51659,3063
LSO-51660,3066
LSO-51661,3068
LSO-51662,3069
LSO-51663,3070
LSO-51664,3071
LSO-51665,3072
LSO-51666,3073
LSO-51667,3074
LSO-51668,3076
LSO-51669,3078
LSO-51670,3080
LSO-51671,3081
LSO-51672,3082
LSO-51673,3083
LSO-51674,3085
LSO-51675,3086
LSO-51676,3087
LSO-51677,3088
LSO-51678,3089
LSO-51679,3091
LSO-51680,3092
LSO-51681,3094
LSO-51682,3095
LSO-51683,3096
LSO-51684,3097
LSO-51685,3098
LSO-51686,3100
LSO-51687,3101
LSO-51688,3103
LSO-51689,3105
LSO-51690,3106
LSO-51691,3107
LSO-51692,3108
LSO-51693,3109
LSO-51694,3110
LSO-51695,3111
LSO-51696,3112
LSO-51697,3113
LSO-51698,3114
LSO-51699,3115
LSO-51700,3116
LSO-51701,3117
LSO-51702,3118
LSO-51703,3120
LSO-51704,3121
LSO-51705,3122
LSO-51706,3123
LSO-51707,3124
LSO-51708,3125
LSO-51709,3126
LSO-51710,3127
LSO-51711,3128
LSO-51712,3129
LSO-51713,3131
LSO-51714,3132
LSO-51715,3133
LSO-51716,3134
LSO-51717,3135
LSO-51718,3136
LSO-51719,3138
LSO-51720,3139
LSO-51721,3140
LSO-51722,3141
LSO-51723,3142
LSO-51724,3143
LSO-51725,3145
LSO-51726,3148
LSO-51727,3149
LSO-51728,3150
LSO-51729,3152
LSO-51730,3153
LSO-51731,3155
LSO-51732,3156
LSO-51733,3157
LSO-51734,3158
LSO-51735,3159
LSO-51736,3161
LSO-51737,3162
LSO-51738,3164
LSO-51739,3165
LSO-51740,3168
LSO-51741,3171
LSO-51742,3174
LSO-51743,3175
LSO-51744,3176
LSO-51745,3182
LSO-51746,3186
LSO-51747,3188
LSO-51748,3191
LSO-51749,3194
LSO-51750,3195
LSO-51751,3196
LSO-51752,3198
LSO-51753,3199
LSO-51754,3200
LSO-51755,3202
LSO-51756,3205
LSO-51757,3206
LSO-51758,3207
LSO-51759,3208
LSO-51760,3209
LSO-51761,3210
LSO-51762,3211
LSO-51763,3212
LSO-51764,3213
LSO-51765,3215
LSO-51766,3216
LSO-51767,3217
LSO-51768,3218
LSO-51769,3219
LSO-51770,3221
LSO-51771,3556
LSO-51772,3571
LSO-51773,3573
LSO-51774,3583
LSO-51775,3591
LSO-51776,3596
LSO-51777,3597
LSO-51778,3599
LSO-51779,3605
LSO-51780,3609
LSO-51781,3611
LSO-51782,3614
LSO-51783,3618
LSO-51784,3627
LSO-51785,3641
LSO-51786,3646
LSO-51787,3665
LSO-51788,3670
LSO-51789,3671
LSO-51790,3679
LSO-51791,3682
LSO-51792,3692
LSO-51793,3694
LSO-51794,3695
LSO-51795,3697
LSO-51796,3698
LSO-51797,3704
LSO-51798,3705
LSO-51799,3707
LSO-51800,3711
LSO-51801,9134
LSO-51802,9139
LSO-51803,9141
LSO-51804,9143
LSO-51805,9147
LSO-51806,9148
LSO-51807,9149
LSO-51808,9150
LSO-51809,9152
LSO-51810,9153
LSO-51811,9154
LSO-51812,9157
LSO-51813,9167
LSO-51814,9171
LSO-51815,9172
LSO-51816,9174
LSO-51817,9177
LSO-51818,9181
LSO-51819,9184
LSO-51820,9186
LSO-51821,9192
LSO-51822,9196
LSO-51823,9197
LSO-51824,9201
LSO-51825,9202
LSO-51826,9205
LSO-51827,9207
LSO-51828,9218
LSO-51829,9219
LSO-51830,9220
LSO-51831,9221
LSO-51832,9228
LSO-51833,9234
LSO-51834,9238
LSO-51835,9245
LSO-51836,9246
LSO-51837,9249
LSO-51838,9250
LSO-51839,9253
LSO-51840,9255
LSO-51841,9259
LSO-51842,9262
LSO-51843,9263
LSO-51844,9265
LSO-51845,9266
LSO-51846,9269
LSO-51847,9270
LSO-51848,9271
LSO-51849,9275
LSO-51850,9287
LSO-51851,9299
LSO-51852,9300
LSO-51853,9302
LSO-51854,9303
LSO-51855,9315
LSO-51856,9326
LSO-51857,9328
LSO-51858,9332
LSO-51859,9333
LSO-51860,9336
LSO-51861,9341
LSO-51862,9343
LSO-51863,9348
LSO-51864,9349
LSO-51865,9353
LSO-51866,9354
LSO-51867,9357
LSO-51868,9365
LSO-51869,9369
LSO-51870,9375
LSO-51871,9378
LSO-51872,9381
LSO-51873,9387
LSO-51874,9395
LSO-51875,9401
LSO-51876,9404
LSO-51877,9407
LSO-51878,9409
LSO-51879,9410
LSO-51880,9414
LSO-51881,9415
LSO-51882,9417
LSO-51883,9418
LSO-51884,9419
LSO-51885,9421
LSO-51886,9427
LSO-51887,9428
LSO-51888,9429
LSO-51889,9430
LSO-51890,9433
LSO-51891,9438
LSO-51892,9439
LSO-51893,9442
LSO-51894,9443
LSO-51895,9445
LSO-51896,9450
LSO-51897,9454
LSO-51898,9460
LSO-51899,9470
LSO-51900,9471
LSO-51901,9475
LSO-51902,9476
LSO-51903,9481
LSO-51904,9482
LSO-51905,9483
LSO-51906,9492
LSO-51907,9494
LSO-51908,9496
LSO-51909,9497
LSO-51910,9499
LSO-51911,9500
LSO-51912,9501
LSO-51913,9502
LSO-51914,9504
LSO-51915,9506
LSO-51916,9516
LSO-51917,9519
LSO-51918,9520
LSO-51919,9521
LSO-51920,9525
LSO-51921,9528
LSO-51922,9535
LSO-51923,9541
LSO-51924,9545
LSO-51925,9546
LSO-51926,9547
LSO-51927,9552
LSO-51928,9553
LSO-51929,9560
LSO-51930,9564
LSO-51931,9568
LSO-51932,9569
LSO-51933,9573
LSO-51934,9574
LSO-51935,9576
LSO-51936,9579
LSO-51937,9580
LSO-51938,9581
LSO-51939,9583
LSO-51940,9584
LSO-51941,9586
LSO-51942,9591
LSO-51943,9592
LSO-51944,9594
LSO-51945,9598
LSO-51946,9601
LSO-51947,9604
LSO-51948,9605
LSO-51949,9606
LSO-51950,9607
LSO-51951,9608
LSO-51952,9611
LSO-51953,9612
LSO-51954,9614
LSO-51955,9617
LSO-51956,9626
LSO-51957,9630
LSO-51958,9631
LSO-51959,9632
LSO-51960,9634
LSO-51961,9635
LSO-51962,9637
LSO-51963,9641
LSO-51964,9645
LSO-51965,9646
LSO-51966,9647
LSO-51967,9649
LSO-51968,9662
LSO-51969,9663
LSO-51970,9664
LSO-51971,9668
LSO-51972,9671
LSO-51973,9674
LSO-51974,9675
LSO-51975,9676
LSO-51976,9677
LSO-51977,9680
LSO-51978,9682
LSO-51979,9683
LSO-51980,9684
LSO-51981,9691
LSO-51982,9692
LSO-51983,9695
LSO-51984,9696
LSO-51985,9699
LSO-51986,9701
LSO-51987,9703
LSO-51988,9714
LSO-51989,9716
LSO-51990,9717
LSO-51991,9722
LSO-51992,9723
LSO-51993,9736
LSO-51994,9737
LSO-51995,9738
LSO-51996,9739
LSO-51997,9740
LSO-51998,9741
LSO-51999,9742
LSO-52000,9749
LSO-52001,9752
LSO-52002,9756
LSO-52003,9758
LSO-52004,9759
LSO-52005,9760
LSO-52006,9762
LSO-52007,9764
LSO-52008,9768
LSO-52009,9769
LSO-52010,9772
LSO-52011,9777
LSO-52012,9780
LSO-52013,9788
LSO-52014,9789
LSO-52015,9790
LSO-52016,9791
LSO-52017,9792
LSO-52018,9793
LSO-52019,9794
LSO-52020,9795
LSO-52021,9796
LSO-52022,9798
LSO-52023,9800
LSO-52024,9805
LSO-52025,9810
LSO-52026,9811
LSO-52027,9812
LSO-52028,9813
LSO-52029,9815
LSO-52030,9816
LSO-52031,9817
LSO-52032,9821
LSO-52033,9824
LSO-52034,9826
LSO-52035,9827
LSO-52036,9830
LSO-52037,9839
LSO-52038,9844
LSO-52039,9869
LSO-52040,9870
LSO-52041,9874
LSO-52042,9875
LSO-52043,9876
LSO-52044,9877
LSO-52045,9878
LSO-52046,9880
LSO-52047,9882
LSO-52048,9883
LSO-52049,9884
LSO-52050,9889
LSO-52051,9890
LSO-52052,9892
LSO-52053,9893
LSO-52054,9898
LSO-52055,9901
LSO-52056,9902
LSO-52057,9910
LSO-52058,9915
LSO-52059,9917
LSO-52060,9919
LSO-52061,9921
LSO-52062,9924
LSO-52063,9925
LSO-52064,9926
LSO-52065,9927
LSO-52066,9928
LSO-52067,9929
LSO-52068,9930
LSO-52069,9933
LSO-52070,9935
LSO-52071,9936
LSO-52072,9942
LSO-52073,9945
LSO-52074,9947
LSO-52075,9951
LSO-52076,9959
LSO-52077,9960
LSO-52078,9966
LSO-52079,9967
LSO-52080,9970
LSO-52081,9972
LSO-52082,9975
LSO-52083,9979
LSO-52084,9981
LSO-52085,9983
LSO-52086,9984
LSO-52087,9986
LSO-52088,9987
LSO-52089,9991
LSO-52090,9992
LSO-52091,9993
LSO-52092,9997
LSO-52093,9998
LSO-52094,9999
LSO-52095,10000
LSO-52096,10003
LSO-52097,10005
LSO-52098,10009
LSO-52099,10014
LSO-52100,10015
LSO-52101,10021
LSO-52102,10025
LSO-52103,10027
LSO-52104,10029
LSO-52105,10031
LSO-52106,10032
LSO-52107,10033
LSO-52108,10034
LSO-52109,10035
LSO-52110,10040
LSO-52111,10041
LSO-52112,10042
LSO-52113,10043
LSO-52114,10044
LSO-52115,10048
LSO-52116,10053
LSO-52117,10054
LSO-52118,10055
LSO-52119,10056
LSO-52120,10067
LSO-52121,10068
LSO-52122,10079
LSO-52123,10091
LSO-52124,10093
LSO-52125,10097
LSO-52126,10098
LSO-52127,10105
LSO-52128,10108
LSO-52129,10116
LSO-52130,10121
LSO-52131,10123
LSO-52132,10124
LSO-52133,10125
LSO-52134,10126
LSO-52135,10127
LSO-52136,10128
LSO-52137,10129
LSO-52138,10130
LSO-52139,10140
LSO-52140,10143
LSO-52141,10144
LSO-52142,10146
LSO-52143,10150
LSO-52144,10151
LSO-52145,10161
LSO-52146,10167
LSO-52147,10179
LSO-52148,10184
LSO-52149,10188
LSO-52150,10190
LSO-52151,10193
LSO-52152,10199
LSO-52153,10200
LSO-52154,10201
LSO-52155,10203
LSO-52156,10205
LSO-52157,10221
LSO-52158,10223
LSO-52159,10225
LSO-52160,10228
LSO-52161,10229
LSO-52162,10230
LSO-52163,10231
LSO-52164,10232
LSO-52165,10235
LSO-52166,10238
LSO-52167,10239
LSO-52168,10240
LSO-52169,10241
LSO-52170,10242
LSO-52171,10243
LSO-52172,10244
LSO-52173,10247
LSO-52174,10248
LSO-52175,10250
LSO-52176,10255
LSO-52177,10256
LSO-52178,10258
LSO-52179,10259
LSO-52180,10261
LSO-52181,10263
LSO-52182,10265
LSO-52183,10271
LSO-52184,10275
LSO-52185,10276
LSO-52186,10285
LSO-52187,10288
LSO-52188,10295
LSO-52189,10297
LSO-52190,10304
LSO-52191,10305
LSO-52192,10307
LSO-52193,10308
LSO-52194,10309
LSO-52195,10319
LSO-52196,10320
LSO-52197,10321
LSO-52198,10336
LSO-52199,10337
LSO-52200,10338
LSO-52201,10339
LSO-52202,10348
LSO-52203,10363
LSO-52204,10371
LSO-52205,10372
LSO-52206,10373
LSO-52207,10374
LSO-52208,10377
LSO-52209,10381
LSO-52210,10385
LSO-52211,10386
LSO-52212,10387
LSO-52213,10391
LSO-52214,10398
LSO-52215,10399
LSO-52216,10404
LSO-52217,10407
LSO-52218,10408
LSO-52219,10416
LSO-52220,10417
LSO-52221,10418
LSO-52222,10419
LSO-52223,10420
LSO-52224,10421
LSO-52225,10422
LSO-52226,10423
LSO-52227,10424
LSO-52228,10425
LSO-52229,10429
LSO-52230,10440
LSO-52231,10442
LSO-52232,10443
LSO-52233,10444
LSO-52234,10445
LSO-52235,10447
LSO-52236,10449
LSO-52237,10450
LSO-52238,10451
LSO-52239,10455
LSO-52240,10458
LSO-52241,10459
LSO-52242,10463
LSO-52243,10469
LSO-52244,10476
LSO-52245,10478
LSO-52246,10479
LSO-52247,10482
LSO-52248,10485
LSO-52249,10486
LSO-52250,10488
LSO-52251,10490
LSO-52252,10493
LSO-52253,10498
LSO-52254,10499
LSO-52255,10500
LSO-52256,10501
LSO-52257,10502
LSO-52258,10503
LSO-52259,10506
LSO-52260,10512
LSO-52261,10513
LSO-52262,10522
LSO-52263,10536
LSO-52264,10537
LSO-52265,10538
LSO-52266,10540
LSO-52267,10541
LSO-52268,10542
LSO-52269,10549
LSO-52270,10550
LSO-52271,10551
LSO-52272,10552
LSO-52273,10553
LSO-52274,10554
LSO-52275,10555
LSO-52276,10557
LSO-52277,10559
LSO-52278,10583
LSO-52279,10588
LSO-52280,10590
LSO-52281,10591
LSO-52282,10594
LSO-52283,10595
LSO-52284,10596
LSO-52285,10598
LSO-52286,10606
LSO-52287,10616
LSO-52288,10621
LSO-52289,10626
LSO-52290,10627
LSO-52291,10628
LSO-52292,10629
LSO-52293,10631
LSO-52294,10632
LSO-52295,10634
LSO-52296,10635
LSO-52297,10637
LSO-52298,10649
LSO-52299,10650
LSO-52300,10651
LSO-52301,10653
LSO-52302,10655
LSO-52303,10657
LSO-52304,10659
LSO-52305,10663
LSO-52306,10664
LSO-52307,10665
LSO-52308,10666
LSO-52309,10667
LSO-52310,10670
LSO-52311,10671
LSO-52312,10673
LSO-52313,10675
LSO-52314,10676
LSO-52315,10677
LSO-52316,10678
LSO-52317,10681
LSO-52318,10683
LSO-52319,10684
LSO-52320,10685
LSO-52321,10686
LSO-52322,10687
LSO-52323,10688
LSO-52324,10689
LSO-52325,10690
LSO-52326,10691
LSO-52327,10698
LSO-52328,10699
LSO-52329,10700
LSO-52330,10701
LSO-52331,10705
LSO-52332,10712
LSO-52333,10715
LSO-52334,10716
LSO-52335,10717
LSO-52336,10723
LSO-52337,10736
LSO-52338,10737
LSO-52339,10744
LSO-52340,10750
LSO-52341,10755
LSO-52342,10756
LSO-52343,10760
LSO-52344,10771
