id,No.,Document Type
2155,3808,Order
2154,3807,Order
2153,3806,Order
2152,3805,Order
2151,3804,Order
2150,3803,Order
2149,3802,Order
2148,3801,Order
2147,3800,Order
2146,3799,Order
2145,3798,Order
2144,3797,Order
2143,3796,Order
2142,3795,Order
2141,3794,Order
2140,3793,Order
2139,3792,Order
2138,3791,Order
2137,3790,Order
2136,3789,Order
2135,3788,Order
2134,3787,Order
2133,3786,Order
2132,3785,Order
2131,3784,Order
2130,3783,Order
2129,3782,Order
2128,3781,Order
2127,3780,Order
2126,3779,Order
2125,3778,Order
2124,3777,Order
2123,3776,Order
2122,3775,Order
2121,3774,Order
2120,3773,Order
2119,3772,Order
2118,3771,Order
2117,3770,Order
2116,3769,Order
2115,3768,Order
2114,3767,Order
2113,3766,Order
2112,3765,Order
2111,3764,Order
2110,3763,Order
2109,3762,Order
2108,3761,Order
2107,3760,Order
2105,3758,Order
2104,3757,Order
2103,3756,Order
2099,3752,Order
2097,3750,Order
2096,3749,Order
2095,3748,Order
2094,3747,Order
2093,3746,Order
2092,3745,Order
2090,3743,Order
2089,3742,Order
2088,3741,Order
2087,3740,Order
2086,3739,Order
2085,3738,Order
2084,3737,Order
2083,3736,Order
2082,3735,Order
2080,3733,Order
2079,3732,Order
2078,3731,Order
2077,3730,Order
2076,3729,Order
2075,3728,Order
2073,3726,Order
2072,3725,Order
2071,3724,Order
2070,3723,Order
2069,3722,Order
2068,3721,Order
2067,3720,Order
2066,3719,Order
2065,3718,Order
2064,3717,Order
2063,3716,Order
2062,3715,Order
2061,3714,Order
2060,3713,Order
2059,3712,Order
2057,3710,Order
2056,3709,Order
2055,3708,Order
2054,3707,Order
2053,3706,Order
2052,3705,Order
2051,3704,Order
2050,3703,Order
2048,3701,Order
2046,3699,Order
2045,3698,Order
2043,3697,Order
2042,3696,Order
2041,3695,Order
2040,3694,Order
2039,3693,Order
2038,3692,Order
2037,3691,Order
2036,3690,Order
2035,3689,Order
2034,3688,Order
2033,3687,Order
2032,3686,Order
2030,3684,Order
2028,3682,Order
2027,3681,Order
2026,3680,Order
2025,3679,Order
2024,3678,Order
2023,3677,Order
2022,3676,Order
2021,3675,Order
2020,3674,Order
2019,3673,Order
2017,3671,Order
2016,3670,Order
2015,3669,Order
2014,3668,Order
2013,3667,Order
2012,3666,Order
2011,3665,Order
2010,3664,Order
2009,3663,Order
2008,3662,Order
2007,3661,Order
2006,3660,Order
2005,3659,Order
2004,3658,Order
2002,3656,Order
2001,3655,Order
2000,3654,Order
1999,3653,Order
1998,3652,Order
1997,3651,Order
1996,3650,Order
1995,3649,Order
1994,3648,Order
1993,3647,Order
1992,3646,Order
1991,3645,Order
1990,3644,Order
1989,3643,Order
1988,3642,Order
1987,3641,Order
1986,3640,Order
1985,3639,Order
1984,3638,Order
1983,3637,Order
1982,3636,Order
1981,3635,Order
1979,3633,Order
1978,3632,Order
1977,3631,Order
1976,3630,Order
1975,3629,Order
1974,3628,Order
1973,3627,Order
1972,3626,Order
1971,3625,Order
1970,3624,Order
1968,3622,Order
1967,3621,Order
1966,3620,Order
1965,3619,Order
1963,3617,Order
1962,3616,Order
1961,3615,Order
1960,3614,Order
1959,3613,Order
1958,3612,Order
1957,3611,Order
1956,3610,Order
1955,3609,Order
1954,3608,Order
1953,3607,Order
1952,3606,Order
1951,3605,Order
1950,3604,Order
1949,3603,Order
1948,3602,Order
1947,3601,Order
1946,3600,Order
1944,3598,Order
1943,3597,Order
1942,3596,Order
1941,3595,Order
1940,3594,Order
1939,3593,Order
1938,3592,Order
1937,3591,Order
1936,3590,Order
1935,3589,Order
1934,3588,Order
1933,3587,Order
1932,3586,Order
1931,3585,Order
1930,3584,Order
1929,3583,Order
1928,3582,Order
1927,3581,Order
1926,3580,Order
1924,3578,Order
1923,3577,Order
1922,3576,Order
1921,3575,Order
1920,3574,Order
1919,3573,Order
1918,3572,Order
1916,3570,Order
1913,3567,Order
1912,3566,Order
1909,3563,Order
1908,3562,Order
1907,3561,Order
1906,3560,Order
1903,3557,Order
1902,3556,Order
1901,3555,Order
1900,3554,Order
1899,3553,Order
1898,3552,Order
1897,3551,Order
1894,3548,Order
1893,3547,Order
1892,3546,Order
1890,3544,Order
1889,3543,Order
1888,3542,Order
1887,3541,Order
1886,3540,Order
1885,3539,Order
1884,3538,Order
1883,3537,Order
1882,3536,Order
1881,3535,Order
1880,3534,Order
1879,3533,Order
1878,3532,Order
1877,3531,Order
1876,3530,Order
1875,3529,Order
1874,3528,Order
1873,3527,Order
1872,3526,Order
1871,3525,Order
1870,3524,Order
1869,3523,Order
1868,3522,Order
1867,3521,Order
1866,3520,Order
1865,3519,Order
1864,3518,Order
1863,3517,Order
1862,3516,Order
1861,3515,Order
1860,3514,Order
1859,3513,Order
1858,3512,Order
1857,3511,Order
1856,3510,Order
1855,3509,Order
1854,3508,Order
1853,3507,Order
1852,3506,Order
1851,3505,Order
1850,3504,Order
1849,3503,Order
1848,3502,Order
1847,3501,Order
1846,3500,Order
1844,3498,Order
1843,3497,Order
1842,3496,Order
1841,3495,Order
1840,3494,Order
1839,3493,Order
1838,3492,Order
1836,3490,Order
1834,3488,Order
1832,3486,Order
1831,3485,Order
1830,3484,Order
1828,3482,Order
1827,3481,Order
1826,3480,Order
1825,3479,Order
1824,3478,Order
1823,3477,Order
1821,3475,Order
1820,3474,Order
1819,3473,Order
1818,3472,Order
1817,3471,Order
1815,3469,Order
1814,3468,Order
1813,3467,Order
1812,3466,Order
1811,3465,Order
1810,3464,Order
1809,3463,Order
1808,3462,Order
1807,3461,Order
1806,3460,Order
1803,3457,Order
1802,3456,Order
1801,3455,Order
1800,3454,Order
1799,3453,Order
1798,3452,Order
1797,3451,Order
1796,3450,Order
1795,3449,Order
1794,3448,Order
1793,3447,Order
1792,3446,Order
1791,3445,Order
1790,3444,Order
1789,3443,Order
1788,3442,Order
1787,3441,Order
1784,3438,Order
1783,3437,Order
1782,3436,Order
1781,3435,Order
1780,3434,Order
1779,3433,Order
1778,3432,Order
1777,3431,Order
1776,3430,Order
1775,3429,Order
1774,3428,Order
1773,3427,Order
1772,3426,Order
1771,3425,Order
1770,3424,Order
1769,3423,Order
1768,3422,Order
1767,3421,Order
1766,3420,Order
1765,3419,Order
1764,3418,Order
1763,3417,Order
1762,3416,Order
1761,3415,Order
1760,3414,Order
1759,3413,Order
1758,3412,Order
1757,3411,Order
1756,3410,Order
1755,3409,Order
1754,3408,Order
1753,3407,Order
1752,3406,Order
1751,3405,Order
1750,3404,Order
1749,3403,Order
1748,3402,Order
1746,3400,Order
1744,3398,Order
1743,3397,Order
1742,3396,Order
1741,3395,Order
1739,3393,Order
1738,3392,Order
1737,3391,Order
1736,3390,Order
1735,3389,Order
1733,3387,Order
1732,3386,Order
1731,3385,Order
1730,3384,Order
1729,3383,Order
1728,3382,Order
1727,3381,Order
1726,3380,Order
1725,3379,Order
1724,3378,Order
1720,3374,Order
1719,3373,Order
1718,3372,Order
1717,3371,Order
1716,3370,Order
1715,3369,Order
1714,3368,Order
1713,3367,Order
1712,3366,Order
1710,3364,Order
1709,3363,Order
1708,3362,Order
1707,3361,Order
1706,3360,Order
1705,3359,Order
1704,3358,Order
1703,3357,Order
1702,3356,Order
1701,3355,Order
1700,3354,Order
1699,3353,Order
1692,3346,Order
1690,3344,Order
1689,3343,Order
1688,3342,Order
1687,3341,Order
1686,3340,Order
1685,3339,Order
1684,3338,Order
1683,3337,Order
1682,3336,Order
1681,3335,Order
1680,3334,Order
1679,3333,Order
1678,3332,Order
1677,3331,Order
1676,3330,Order
1675,3329,Order
1672,3326,Order
1671,3325,Order
1670,3324,Order
1669,3323,Order
1663,3317,Order
1662,3316,Order
1661,3315,Order
1660,3314,Order
1659,3313,Order
1658,3312,Order
1657,3311,Order
1656,3310,Order
1655,3309,Order
1654,3308,Order
1653,3307,Order
1652,3306,Order
1651,3305,Order
1650,3304,Order
1649,3303,Order
1648,3302,Order
1647,3301,Order
1646,3300,Order
1645,3299,Order
1643,3297,Order
1642,3296,Order
1641,3295,Order
1640,3294,Order
1639,3293,Order
1638,3292,Order
1637,3291,Order
1636,3290,Order
1635,3289,Order
1634,3288,Order
1633,3287,Order
1630,3284,Order
1629,3283,Order
1628,3282,Order
1627,3281,Order
1626,3280,Order
1625,3279,Order
1624,3278,Order
1623,3277,Order
1622,3276,Order
1621,3275,Order
1620,3274,Order
1619,3273,Order
1618,3272,Order
1617,3271,Order
1616,3270,Order
1615,3269,Order
1614,3268,Order
1613,3267,Order
1611,3265,Order
1610,3264,Order
1609,3263,Order
1608,3262,Order
1607,3261,Order
1606,3260,Order
1605,3259,Order
1604,3258,Order
1603,3257,Order
1599,3253,Order
1597,3251,Order
1596,3250,Order
1595,3249,Order
1594,3248,Order
1593,3247,Order
1592,3246,Order
1590,3244,Order
1589,3243,Order
1587,3241,Order
1586,3240,Order
1585,3239,Order
1584,3238,Order
1583,3237,Order
1582,3236,Order
1581,3235,Order
1580,3234,Order
1579,3233,Order
1578,3232,Order
1577,3231,Order
1576,3230,Order
1575,3229,Order
1574,3228,Order
1573,3227,Order
1572,3226,Order
1571,3225,Order
1570,3224,Order
1569,3223,Order
1568,3222,Order
1567,3221,Order
1565,3219,Order
1564,3218,Order
1563,3217,Order
1562,3216,Order
1561,3215,Order
1560,3214,Order
1559,3213,Order
1558,3212,Order
1557,3211,Order
1556,3210,Order
1555,3209,Order
1554,3208,Order
1553,3207,Order
1552,3206,Order
1551,3205,Order
1550,3204,Order
1549,3203,Order
1548,3202,Order
1547,3201,Order
1546,3200,Order
1545,3199,Order
1544,3198,Order
1543,3197,Order
1542,3196,Order
1541,3195,Order
1540,3194,Order
1539,3193,Order
1538,3192,Order
1537,3191,Order
1536,3190,Order
1535,3189,Order
1533,3187,Order
1532,3186,Order
1531,3185,Order
1530,3184,Order
1529,3183,Order
1528,3182,Order
1527,3181,Order
1526,3180,Order
1524,3178,Order
1523,3177,Order
1522,3176,Order
1521,3175,Order
1520,3174,Order
1519,3173,Order
1518,3172,Order
1517,3171,Order
1516,3170,Order
1515,3169,Order
1514,3168,Order
1513,3167,Order
1512,3166,Order
1511,3165,Order
1510,3164,Order
1509,3163,Order
1508,3162,Order
1507,3161,Order
1506,3160,Order
1505,3159,Order
1504,3158,Order
1503,3157,Order
1502,3156,Order
1501,3155,Order
1500,3154,Order
1499,3153,Order
1498,3152,Order
1497,3151,Order
1496,3150,Order
1495,3149,Order
1494,3148,Order
1493,3147,Order
1492,3146,Order
1491,3145,Order
1490,3144,Order
1489,3143,Order
1488,3142,Order
1487,3141,Order
1486,3140,Order
1485,3139,Order
1484,3138,Order
1483,3137,Order
1482,3136,Order
1481,3135,Order
1480,3134,Order
1479,3133,Order
1474,3128,Order
1473,3127,Order
1472,3126,Order
1471,3125,Order
1470,3124,Order
1468,3122,Order
1467,3121,Order
1466,3120,Order
1465,3119,Order
1463,3117,Order
1462,3116,Order
1461,3115,Order
1459,3113,Order
1458,3112,Order
1457,3111,Order
1455,3109,Order
1454,3108,Order
1453,3107,Order
1452,3106,Order
1451,3105,Order
1450,3104,Order
1449,3103,Order
1448,3102,Order
1445,3099,Order
1444,3098,Order
1443,3097,Order
1437,3091,Order
1436,3090,Order
1435,3089,Order
1434,3088,Order
1432,3086,Order
1431,3085,Order
1430,3084,Order
1429,3083,Order
1428,3082,Order
1427,3081,Order
1426,3080,Order
1425,3079,Order
1424,3078,Order
1423,3077,Order
1422,3076,Order
1421,3075,Order
1420,3074,Order
1419,3073,Order
1418,3072,Order
1417,3071,Order
1416,3070,Order
1415,3069,Order
1414,3068,Order
1413,3067,Order
1412,3066,Order
1411,3065,Order
1407,3061,Order
1406,3060,Order
1405,3059,Order
1404,3058,Order
1403,3057,Order
1402,3056,Order
1401,3055,Order
1400,3054,Order
1399,3053,Order
1398,3052,Order
1397,3051,Order
1396,3050,Order
1395,3049,Order
1394,3048,Order
1391,3045,Order
1390,3044,Order
1389,3043,Order
1388,3042,Order
1387,3041,Order
1386,3040,Order
1385,3039,Order
1384,3038,Order
1383,3037,Order
1381,3035,Order
1379,3033,Order
1378,3032,Order
1377,3031,Order
1370,3024,Order
1369,3023,Order
1368,3022,Order
1366,3020,Order
1365,3019,Order
1363,3017,Order
1362,3016,Order
1361,3015,Order
1360,3014,Order
1359,3013,Order
1358,3012,Order
1357,3011,Order
1356,3010,Order
1355,3009,Order
1353,3007,Order
1352,3006,Order
1351,3005,Order
1350,3004,Order
1349,3003,Order
1348,3002,Order
1347,3001,Order
1346,3000,Order
1344,2998,Order
1343,2997,Order
1342,2996,Order
1341,2995,Order
1340,2994,Order
1339,2993,Order
1338,2992,Order
1337,2991,Order
1336,2990,Order
1335,2989,Order
1334,2988,Order
1333,2987,Order
1331,2985,Order
1330,2984,Order
1329,2983,Order
1328,2982,Order
1327,2217 - corrected,Order
1326,2980,Order
1325,2979,Order
1324,2978,Order
1323,2977,Order
1322,2976,Order
1321,2975,Order
1320,2974,Order
1319,2973,Order
1318,2972,Order
1317,2971,Order
1316,2970,Order
1315,2969,Order
1314,2968,Order
1313,2967,Order
1312,2966,Order
1311,2965,Order
1310,2964,Order
1309,2963,Order
1308,2962,Order
1307,2961,Order
1306,2960,Order
1305,2959,Order
1300,2954,Order
1299,2953,Order
1298,2952,Order
1297,2951,Order
1296,2950,Order
1295,2949,Order
1291,2945,Order
1290,2944,Order
1289,2943,Order
1288,2942,Order
1287,2941,Order
1286,2940,Order
1285,2939,Order
1284,2938,Order
1283,2937,Order
1281,2935,Order
1280,2934,Order
1279,2933,Order
1277,2931,Order
1276,2930,Order
1275,2929,Order
1274,2928,Order
1273,2927,Order
1271,2925,Order
1269,2923,Order
1268,2922,Order
1267,2921,Order
1266,2920,Order
1265,2919,Order
1264,2918,Order
1263,2917,Order
1262,2916,Order
1261,2915,Order
1260,2914,Order
1259,2913,Order
1258,2912,Order
1253,2907,Order
1252,2906,Order
1249,2903,Order
1248,2902,Order
1237,2891,Order
1236,2890,Order
1234,2888,Order
1233,2887,Order
1232,2886,Order
1231,2885,Order
1230,2884,Order
1229,2883,Order
1228,2882,Order
1227,2881,Order
1226,2880,Order
1225,2879,Order
1224,2878,Order
1223,2877,Order
1221,2875,Order
1220,2874,Order
1218,2872,Order
1217,2871,Order
1215,2869,Order
1214,2868,Order
1213,2867,Order
1212,2866,Order
1210,2864,Order
1209,2863,Order
1208,2862,Order
1207,2861,Order
1205,2859,Order
1204,2858,Order
1203,2857,Order
1202,2856,Order
1201,2855,Order
1200,2854,Order
1199,2853,Order
1197,2851,Order
1196,2850,Order
1195,2849,Order
1194,2848,Order
1193,2847,Order
1192,2846,Order
1191,2845,Order
1190,2844,Order
1189,2843,Order
1188,2842,Order
1187,2841,Order
1186,2840,Order
1185,2839,Order
1184,2838,Order
1183,2837,Order
1182,2836,Order
1181,2835,Order
1180,2834,Order
1179,2833,Order
1178,2832,Order
1177,2831,Order
1176,2830,Order
1175,2829,Order
1174,2828,Order
1173,2827,Order
1172,2826,Order
1171,2825,Order
1170,2824,Order
1169,2823,Order
1168,2822,Order
1167,2821,Order
1166,2820,Order
1165,2819,Order
1164,2818,Order
1163,2817,Order
1162,2816,Order
1161,2815,Order
1160,2814,Order
1159,2813,Order
1158,2812,Order
1157,2811,Order
1156,2810,Order
1155,2809,Order
1154,2808,Order
1153,2807,Order
1152,2806,Order
1151,2805,Order
1150,2804,Order
1149,2803,Order
1147,2801,Order
1146,2800,Order
1145,2799,Order
1144,2798,Order
1143,2797,Order
1142,2796,Order
1141,2795,Order
1138,2792,Order
1137,2791,Order
1136,2790,Order
1135,2789,Order
1134,2788,Order
1133,2787,Order
1132,2786,Order
1131,2785,Order
1130,2784,Order
1129,2783,Order
1128,2782,Order
1127,2781,Order
1126,2780,Order
1125,2779,Order
1124,2778,Order
1123,2777,Order
1122,2776,Order
1121,2775,Order
1120,2774,Order
1119,2773,Order
1117,2771,Order
1116,2770,Order
1115,2769,Order
1114,2768,Order
1113,2767,Order
1112,2766,Order
1111,2765,Order
1110,2764,Order
1109,2763,Order
1108,2762,Order
1107,2761,Order
1106,2760,Order
1105,2759,Order
1104,2758,Order
1103,2757,Order
1102,2756,Order
1101,2755,Order
1100,2754,Order
1099,2753,Order
1098,2752,Order
1097,2751,Order
1096,2750,Order
1095,2749,Order
1094,2748,Order
1093,2747,Order
1092,2746,Order
1091,2745,Order
1090,2744,Order
1089,2743,Order
1088,2742,Order
1087,2741,Order
1086,2740,Order
1085,2739,Order
1084,2738,Order
1083,2737,Order
1082,2736,Order
1081,2735,Order
1080,2734,Order
1079,2733,Order
1078,2732,Order
1077,2731,Order
1076,2730,Order
1075,2729,Order
1074,2728,Order
1073,2727,Order
1072,2726,Order
1071,2725,Order
1070,2724,Order
1069,2723,Order
1068,2722,Order
1067,2721,Order
1066,2720,Order
1065,2719,Order
1064,2718,Order
1063,2717,Order
1062,2716,Order
1061,2715,Order
1059,2713,Order
1058,2712,Order
1057,2711,Order
1056,2710,Order
1055,2709,Order
1054,2708,Order
1053,2707,Order
1052,2706,Order
1051,2705,Order
1050,2704,Order
1049,2703,Order
1048,2702,Order
1047,2701,Order
1046,2700,Order
1045,2699,Order
1044,2698,Order
1043,2697,Order
1042,2696,Order
1041,2695,Order
1040,2694,Order
1039,2693,Order
1038,2692,Order
1037,2691,Order
1036,2690,Order
1035,2689,Order
1034,2688,Order
1033,2687,Order
1032,2686,Order
1031,2685,Order
1030,2684,Order
1029,2683,Order
1027,2682,Order
1026,2681,Order
1025,2680,Order
1020,2675,Order
1017,2672,Order
1016,2671,Order
1015,2670,Order
1014,2669,Order
1013,2668,Order
1012,2667,Order
1011,2666,Order
1010,2665,Order
1009,2664,Order
1008,2663,Order
1007,2662,Order
1006,2661,Order
1005,2660,Order
1004,2659,Order
1003,2658,Order
1002,2657,Order
1001,2656,Order
1000,2655,Order
999,2654,Order
998,2653,Order
997,2652,Order
996,2651,Order
995,2650,Order
994,2649,Order
993,2648,Order
992,2647,Order
991,2646,Order
990,2645,Order
989,2644,Order
988,2643,Order
987,2642,Order
986,2641,Order
985,2640,Order
984,2639,Order
983,2638,Order
982,2637,Order
981,2636,Order
977,2632,Order
976,2631,Order
975,2630,Order
974,2629,Order
973,2628,Order
972,2627,Order
971,2626,Order
970,2625,Order
968,2624,Order
967,2623,Order
966,2622,Order
965,2621,Order
964,2620,Order
963,2619,Order
962,2618,Order
961,2617,Order
960,2616,Order
959,2615,Order
958,2614,Order
957,2613,Order
956,2612,Order
955,2611,Order
954,2610,Order
953,2609,Order
952,2608,Order
951,2607,Order
950,2606,Order
949,2605,Order
948,2604,Order
947,2603,Order
946,2602,Order
945,2601,Order
943,2599,Order
942,2598,Order
941,2597,Order
940,2596,Order
939,2595,Order
938,2594,Order
937,2593,Order
936,2592,Order
935,2591,Order
934,2590,Order
933,2589,Order
932,2588,Order
931,2587,Order
930,2586,Order
929,2585,Order
928,2584,Order
927,2583,Order
926,2582,Order
925,2581,Order
924,2580,Order
923,2579,Order
922,2578,Order
921,2577,Order
920,2576,Order
919,2575,Order
918,2574,Order
917,2573,Order
916,2572,Order
915,2571,Order
913,2569,Order
912,2568,Order
911,2567,Order
910,2566,Order
909,2565,Order
908,2564,Order
907,2563,Order
906,2562,Order
905,2561,Order
904,2560,Order
903,2559,Order
902,2558,Order
901,2557,Order
900,2556,Order
899,2555,Order
898,2554,Order
897,2553,Order
896,2552,Order
895,2551,Order
894,2550,Order
893,2549,Order
892,2548,Order
891,2547,Order
890,2546,Order
889,2545,Order
888,2544,Order
887,2543,Order
886,2542,Order
885,2541,Order
884,2540,Order
882,2538,Order
881,2537,Order
880,2536,Order
879,2535,Order
876,2532,Order
875,2531,Order
874,2530,Order
873,2529,Order
872,2528,Order
871,2527,Order
870,2526,Order
869,2525,Order
868,2524,Order
867,2523,Order
866,2522,Order
865,2521,Order
864,2520,Order
863,2519,Order
862,2518,Order
861,2517,Order
859,2515,Order
858,2514,Order
857,2513,Order
855,2511,Order
852,2508,Order
850,2506,Order
849,2505,Order
848,2504,Order
847,2503,Order
846,2502,Order
845,2501,Order
843,2499,Order
842,2498,Order
841,2497,Order
840,2496,Order
839,2495,Order
838,2494,Order
837,2493,Order
833,2489,Order
832,2488,Order
831,2487,Order
830,2486,Order
829,2485,Order
828,2484,Order
827,2483,Order
826,2482,Order
825,2481,Order
824,2480,Order
823,2479,Order
822,2478,Order
821,2477,Order
820,2476,Order
819,2475,Order
818,2474,Order
817,2473,Order
816,2472,Order
815,2471,Order
814,2470,Order
812,2468,Order
811,2467,Order
810,2466,Order
809,2465,Order
808,2464,Order
807,2463,Order
806,2462,Order
804,2460,Order
803,2459,Order
800,2456,Order
799,2455,Order
798,2454,Order
795,2451,Order
794,2450,Order
793,2449,Order
791,2447,Order
790,2446,Order
789,2445,Order
788,2444,Order
786,2442,Order
785,2441,Order
784,2440,Order
783,2439,Order
782,2438,Order
781,2437,Order
780,2436,Order
779,2435,Order
778,2434,Order
777,2433,Order
776,2432,Order
775,2431,Order
770,2426,Order
768,2424,Order
767,2423,Order
766,2422,Order
765,2421,Order
764,2420,Order
763,2419,Order
762,2418,Order
761,2417,Order
760,2416,Order
759,2415,Order
758,2414,Order
757,2413,Order
756,2412,Order
755,2411,Order
754,2410,Order
753,2409,Order
752,2408,Order
750,2406,Order
749,2405,Order
748,2404,Order
747,2403,Order
745,2401,Order
744,2400,Order
743,2399,Order
741,2397,Order
740,2396,Order
739,2395,Order
738,2394,Order
737,2393,Order
736,2392,Order
735,2391,Order
734,2390,Order
733,2389,Order
732,2388,Order
731,2387,Order
730,2386,Order
729,2385,Order
728,2384,Order
727,2383,Order
726,2382,Order
725,2381 (revised),Order
724,2380,Order
723,2379,Order
722,2378,Order
721,2377,Order
720,2376,Order
719,2375,Order
718,2374,Order
716,2372,Order
715,2371,Order
712,2368,Order
710,2366,Order
709,2365,Order
705,2361,Order
704,2360,Order
703,2359,Order
702,2358,Order
701,2357,Order
700,2356,Order
699,2355,Order
698,2342 - REVISED,Order
697,2353,Order
696,2352,Order
695,2351,Order
694,2350,Order
693,2349,Order
692,2348,Order
691,2347,Order
690,2346,Order
689,2345,Order
688,2344,Order
687,2343,Order
686,2342,Order
685,2341,Order
684,2340,Order
683,2339,Order
682,2338,Order
681,2337,Order
680,2336,Order
679,2335,Order
678,2334,Order
677,2333,Order
674,2330,Order
672,2328,Order
671,2327,Order
670,2326,Order
669,2325,Order
668,2324,Order
667,2323,Order
666,2322,Order
665,2321,Order
664,2320,Order
663,2319,Order
660,2316,Order
659,2315,Order
658,2314,Order
657,2313,Order
656,2312,Order
655,2311,Order
652,2308,Order
651,2307,Order
650,2306,Order
649,2305,Order
648,2304,Order
647,2303,Order
646,2302,Order
645,2301,Order
644,2300,Order
643,2299,Order
642,2298,Order
641,2297,Order
640,2296,Order
639,2295,Order
638,2294,Order
637,2293,Order
636,2292,Order
635,2291,Order
633,2289,Order
632,2288,Order
631,2287,Order
630,2286,Order
629,2285,Order
628,2284,Order
627,2283,Order
626,2282,Order
625,2281,Order
623,2279,Order
622,2278,Order
619,2275,Order
618,2274,Order
617,2273,Order
616,2272,Order
615,2271,Order
613,2269,Order
612,2268,Order
611,2267,Order
610,2266,Order
608,2264,Order
607,2263,Order
606,2262,Order
604,2260,Order
603,2259,Order
602,2258,Order
601,2257,Order
600,2256,Order
598,2254,Order
596,2252,Order
595,2251,Order
594,2250,Order
588,2244,Order
587,2243,Order
583,2239,Order
582,2238,Order
581,2237,Order
580,2236,Order
578,2234,Order
574,2230,Order
567,2223,Order
566,2222,Order
564,1643,Order
563,1699,Order
562,1693,Order
561,1677,Order
560,1598,Order
559,1587,Order
558,1579,Order
557,2220,Order
556,1563,Order
555,1544,Order
554,1627,Order
553,1492,Order
552,1684,Order
551,1623,Order
550,1596,Order
549,2219,Order
548,2218,Order
547,2217,Order
546,2216,Order
545,2215,Order
544,2214,Order
543,2213,Order
542,2212,Order
541,2211,Order
540,2210,Order
539,2209,Order
538,2208,Order
537,2207,Order
536,2206,Order
535,2205,Order
534,2204,Order
533,2203,Order
532,2202,Order
530,2200,Order
529,2199,Order
528,1687,Order
527,1439,Order
526,1623,Order
524,1684,Order
523,1492,Order
522,1627,Order
521,1699,Order
520,1693,Order
519,1677,Order
518,1643,Order
516,1587,Order
515,1579,Order
514,1563,Order
513,1544,Order
512,2198,Order
511,2197,Order
510,2196,Order
509,2195,Order
508,2194,Order
507,2193,Order
506,2192,Order
505,2191,Order
503,2189,Order
502,2188,Order
501,2187,Order
500,2186,Order
499,2185,Order
498,2184,Order
497,2183,Order
494,2180,Order
493,2179,Order
492,2178,Order
490,2176,Order
489,2175,Order
488,2174,Order
487,2173,Order
486,2172,Order
481,2167,Order
479,1539,Order
478,1454,Order
477,1384,Order
476,2165,Order
474,2163 (revised),Order
473,2162,Order
472,2161,Order
471,2160,Order
470,2159,Order
468,2157,Order
458,2147,Order
457,2146,Order
456,2145,Order
455,2144,Order
454,2143,Order
453,2142,Order
451,2140,Order
450,2139,Order
449,2138,Order
445,2134,Order
444,2133,Order
443,2132,Order
442,2131,Order
441,2130,Order
440,2129,Order
438,2127,Order
437,2126,Order
435,2124,Order
431,2120,Order
429,2118,Order
428,2117,Order
427,2116,Order
426,2115,Order
425,2114,Order
424,2113,Order
423,2112,Order
421,2110,Order
420,2109,Order
418,2107,Order
417,2106,Order
416,2105,Order
415,2104,Order
414,2103,Order
413,2102,Order
412,2101,Order
411,2100,Order
409,2098,Order
407,2096,Order
406,2095,Order
405,2094,Order
399,2088,Order
398,2072 (error),Order
396,2085,Order
395,2084,Order
394,2083,Order
393,2082,Order
391,2080,Order
390,2079,Order
389,2078,Order
388,2077,Order
386,2072,Order
385,2074,Order
383,2072 (error),Order
382,2071,Order
381,2070,Order
380,2069,Order
379,2068,Order
378,2067,Order
377,2066,Order
376,2065,Order
375,2064,Order
374,2063,Order
373,2062,Order
372,2061,Order
369,2058,Order
368,2057,Order
367,2056,Order
365,2054,Order
364,see PO 2009,Order
363,see PO 2008,Order
362,2051,Order
359,2048,Order
358,2047,Order
353,2042,Order
352,2041,Order
351,2040,Order
348,2037,Order
347,2036,Order
346,2035,Order
345,2034,Order
344,2033,Order
343,2032,Order
342,2031,Order
341,2030,Order
340,2029,Order
339,2028,Order
330,2019,Order
326,2015,Order
325,2014,Order
323,2012,Order
322,2011,Order
321,2010,Order
320,2009,Order
319,2008,Order
315,2004,Order
314,2003,Order
313,2002,Order
312,2001,Order
311,2000,Order
310,1999,Order
309,1998,Order
308,1997,Order
307,1996,Order
304,1993,Order
303,1992,Order
302,1991,Order
301,1990,Order
300,1989,Order
299,1988,Order
298,1987,Order
297,1986,Order
296,1985,Order
295,1984,Order
294,1983,Order
293,1982,Order
292,1981,Order
291,1980,Order
290,1979,Order
289,1978,Order
288,1977,Order
287,1976,Order
286,1975,Order
285,1974,Order
284,1973,Order
283,1972,Order
282,1971,Order
279,1968,Order
278,1967,Order
277,1966,Order
276,1965,Order
275,1964,Order
274,1963,Order
273,1962,Order
272,1961,Order
271,1960,Order
270,1959,Order
269,1958,Order
267,1956,Order
265,1954,Order
264,1953,Order
263,1952,Order
262,1951,Order
261,1950,Order
260,1949,Order
259,1948,Order
258,1947,Order
257,1946,Order
256,1945,Order
255,1944,Order
254,1943,Order
253,1942,Order
252,1941,Order
251,1940,Order
250,1939,Order
249,1938,Order
248,1937,Order
247,1936,Order
246,1935,Order
245,1934,Order
243,1932,Order
242,1931,Order
241,1930,Order
240,1929,Order
239,1928,Order
238,1927,Order
237,1926,Order
236,1925,Order
235,1924,Order
234,1923,Order
233,1922,Order
232,1921,Order
231,1920,Order
230,1915,Order
229,1914,Order
228,1917,Order
227,1913,Order
226,1915,Order
225,1914,Order
224,1913,Order
223,1912,Order
222,1911,Order
221,1910,Order
220,1909,Order
219,1908,Order
218,1907,Order
217,1906,Order
216,1905,Order
215,1904,Order
214,1903,Order
213,1902,Order
212,1901,Order
211,1900,Order
210,1899,Order
209,1898,Order
208,1897,Order
207,1896,Order
206,1895,Order
205,1894,Order
204,1893,Order
203,1892,Order
202,1891,Order
201,1890,Order
200,1889,Order
199,1888,Order
198,1887,Order
197,1886,Order
196,1885,Order
194,1883,Order
193,1882,Order
192,1881,Order
191,1880,Order
190,1879,Order
189,1878,Order
188,1877,Order
187,1876,Order
186,1875,Order
185,1874,Order
184,1873,Order
183,1872,Order
182,1871,Order
181,1870,Order
180,1869,Order
179,1868,Order
178,1867,Order
177,1866,Order
176,1865,Order
175,1864,Order
174,1863,Order
173,1862,Order
172,1861,Order
171,1860,Order
170,1859,Order
169,1858,Order
168,1857,Order
167,1856,Order
166,1855,Order
165,1854,Order
164,1853,Order
163,1852,Order
162,1851,Order
161,1850,Order
160,1849,Order
159,1848,Order
158,1847,Order
157,1846,Order
156,1845,Order
155,1844,Order
154,1843,Order
152,1841,Order
151,1731,Order
150,1625 - Macon,Order
149,1625 - Columbus,Order
148,1837,Order
147,1836,Order
146,1835,Order
145,1834,Order
144,1711 - Appliances Etc,Order
143,1711 - Northside - Dexter Live,Order
142,1711 - Northside - equipment,Order
141,1830,Order
140,1711 - Noxubee,Order
139,1732,Order
138,1728 - Georgian Hills,Order
137,1826,Order
136,1729,Order
135,1824,Order
134,1728 - Splish Splash,Order
133,1704,Order
131,1820,Order
130,1819,Order
129,1818,Order
128,1817,Order
127,1816,Order
126,1815,Order
125,1814,Order
124,1813,Order
123,1812,Order
122,1657,Order
121,1810,Order
120,1616,Order
119,1653,Order
118,1656,Order
117,1658,Order
116,1192964850,Order
115,1620,Order
114,1616,Order
113,1802,Order
112,1801,Order
111,1800,Order
110,P00009,Order
109,1798,Order
108,1797,Order
107,1796,Order
106,1638 - Columbus Laundromat,Order
105,1794,Order
104,23313,Order
103,23312,Order
102,1638 - Macon,Order
101,1790,Order
100,1789,Order
99,1637,Order
98,1631,Order
97,1786,Order
96,1785,Order
95,1781,Order
93,1782,Order
91,1780,Order
90,1779,Order
89,1652 - Homestead Assisted Living,Order
88,1618 - Homestead,Order
87,1652 - Pet Hospital,Order
86,1618 - Pet Hospital,Order
85,1774,Order
84,1593 - Cloverleaf,Order
83,1592 - Cloverleaf,Order
82,1654,Order
81,1590 (1 of 2),Order
80,1655,Order
79,1768,Order
78,1604,Order
77,1591,Order
76,1590 (2 of 2),Order
70,1759,Order
69,1652 - LTCW,Order
68,1618 / 1934,Order
67,1593,Order
66,1592 - Wheeler's,Order
65,1635,Order
64,1753,Order
63,1582 - stock,Order
62,1605,Order
61,1600,Order
59,1749,Order
58,1583,Order
57,1482/1582 - Wash Tub,Order
56,1691,Order
55,1625 - stock,Order
54,1331 / 1424,Order
53,1322/ 1448,Order
52,1742,Order
51,1700,Order
50,1740,Order
49,1739,Order
48,1738,Order
47,1737,Order
46,1736,Order
45,1735,Order
44,1734,Order
42,1732,Order
41,1731,Order
40,1730,Order
39,1729,Order
38,1728,Order
33,1723,Order
32,1722,Order
31,1721,Order
30,1720,Order
29,1719,Order
21,1711,Order
20,1710,Order
14,1704,Order
9,test,Order
8,P00008,Order
7,P00007,Order
6,P00006,Order
5,P00005,Order
4,P00004,Order
1,P00001,Order
