old_value,new_value,in_bc
1,'Hourly Labor',False
102881,'AD-WFR500302',False
103594,'AD-WFR130106',False
108994,'W10461196',True
112236,'A102407',True
112560,'AD-WFR500159',False
113152,'WFR500086',True
115374,'WFR500601',True
124007,'WS-0020600100',False
124090,'M70072801',True
126952,'W487006820',True
127106,'WS-00096438',False
128642,'WS-487169708',False
128861,'W487153504',True
128862,'W487006828',True
128878,'W10117474',True
128879,'W10112927',True
128881,'TR-200 14X16X5',False
128889,'HC-60 4"X1',False
128891,'C-5001-RR',False
128896,'TD-LK',False
128897,'DO-19069940',False
128898,'BFWS/DLU4- 6"-1 u.',False
128899,'W11101012',True
128903,'kiosoft reader',False
128904,'Kiosoft MAY stack h',False
128905,'kiosoft cell modem',False
128907,'DLU-60 HW TOUCH II',True
128908,'dlu 60 4" 19095678',False
128915,'WP8577274',True
128916,'800FD-MT44X07 ESTOP',False
128919,'GV0779 REDUCER',False
128920,'XSB30001Q',False
128921,'LG383EER3001J',True
128922,'BLXAJ0002',False
128923,'MX7G180M',False
128924,'VKK15SS',False
128926,'AP1X VALVE',False
128927,'APK11-25A',False
128928,'SH2LC1140',False
128929,'WPW10185982',True
128930,'P140-001',True
128931,'M12A-001',True
128932,'S12A-008',True
128933,'T150-002',True
128934,'P140-005',False
128935,'M12A-002',False
128937,'T140-010',False
128938,'A100604',True
128939,'WS-112559',False
128945,'W10166385',True
128946,'C-0906',True
128947,'9732-015-001',False
34031,'Serv. charge - Z 1',False
34032,'Serv. charge - Z 2',False
34033,'Serv. charge - Z 3',False
34034,'Serv. charge - Z 4',False
34035,'Serv. charge - Z 5',False
34036,'Gas surcharge - Z 1',False
34037,'Gas surcharge - Z 2',False
34038,'Gas surcharge - Z 3',False
34039,'Gas surcharge - Z 4',False
34040,'Gas surcharge - Z 5',False
34041,'Motor replac labor',False
34042,'Bearing repl. labor',False
34043,'Delivery/install',False
34044,'Forklift rental',False
44822,'112',False
45248,'1300973',False
45716,'M200923',True
45723,'M200996P',True
45810,'M201402P',True
45839,'M201566P',True
45995,'M202395P',True
46285,'M203603',True
46354,'203950',False
46458,'204253',False
46496,'M204486',True
46770,'2090005111',False
46772,'2090005200',False
47162,'210018P',False
47442,'2230008600',False
48143,'M26509Z',True
48147,'M27015Z',True
48206,'27202P',False
48207,'M27220Z',True
48270,'27926',False
48295,'M28944RZ',True
48421,'M33930Z',True
48484,'M35369Z',True
48498,'M35535Z',True
48652,'M38008Z',True
48676,'M38174Z',True
48742,'M38505PZ',True
48873,'M39508P',True
48902,'M39897Z',True
48983,'M430648Z',True
49028,'M431347Z',True
49129,'44008401P',False
49138,'M44011601',True
49360,'M44045801PZ',True
49364,'M44046201PZ',True
49484,'M44061603',True
49493,'M44063601',True
49496,'44063801P',False
49500,'M44064701',True
49673,'M400954Z',True
49752,'M44127401P',True
49833,'M44137201P',True
49895,'M44154501',True
50162,'M44239701',True
50165,'M44239704',True
50186,'M44242501P',True
50209,'44245201',True
50211,'44245501',True
50212,'44245502',True
50292,'M44264601',True
50293,'M44264701',True
50300,'M44266703',True
50712,'M44328701P',True
50767,'44333903',True
51211,'M54612',True
51255,'M55438Z',True
51325,'M55882Z',True
51439,'M56156Z',True
52003,'M58804AZ',True
52004,'58804B',False
52235,'70050401P',False
52303,'M7009P',True
52507,'M70155601Z',True
52509,'U190805-1Z',True
52642,'M70210901Z',True
52653,'M70211901P',True
52654,'70211902P',False
52692,'70228401P',False
52875,'70276201P',False
52876,'70276202P',False
52878,'70276204P',False
52975,'70302201P',False
53089,'M70337601P',True
53092,'M70337901P',True
53187,'70359801P',False
53270,'M70375701W',True
53474,'M70413301',True
53475,'M70413401',True
53610,'U70441601P',True
53642,'M70448701',True
53692,'70454601',False
53693,'M70455101',True
53701,'M70458601',True
53705,'M70461301',True
53813,'70482601',False
53817,'M70482901',True
53891,'70500601',False
54394,'M70564803',True
54399,'M70564808',True
54609,'M70616701',True
54719,'M766P3Z',True
54782,'M800319Z',True
55106,'M802307',True
55224,'803118P',False
55257,'803293',True
55289,'803527P',True
57193,'C001196',False
57763,'M510139Z',True
57780,'D510184P',False
57790,'M510213',True
57904,'M510708PZ',True
57937,'M511255Z',True
58011,'D511629P',False
58108,'M512202P',True
58110,'M512218P',True
58960,'U0150488-00',True
58982,'U020014200',True
59003,'U0231582-01P',True
59071,'U0280385-00',True
59075,'U0300131-00P',True
59088,'U0340346-10P',True
59109,'U0370446-21P',True
59112,'U037044860-2',True
59153,'U0381738-00Z',True
59156,'U0381765-00',True
59447,'U110110Z',True
59477,'F140218P',False
59484,'U140248P',True
59532,'U140738',True
59535,'U140747',True
59581,'U150201Z',True
59582,'U150202',True
59583,'U150203Z',True
59584,'U150204Z',True
59594,'U150261Z',True
59599,'U150271Z',True
59617,'U150352Z',True
59630,'U150390Z',True
59632,'U150392Z',True
59633,'U150393Z',True
59649,'U150419',True
59659,'U150469Z',True
59661,'U150478Z',True
59672,'U160301Z',True
59685,'U160562Z',True
59706,'U170124Z',True
59714,'U170145Z',True
59725,'U170200Z',True
59780,'U190216Z',True
60072,'U200164Z',True
60087,'U200166300',True
60088,'M200166302Z',True
60181,'U200202201',True
60202,'U200213',True
60223,'U200233500P',True
60270,'U200318900P',True
60361,'U230724Z',True
60544,'U280304Z',True
60546,'U280306Z',True
60548,'U280309Z',True
60553,'U280321',True
60554,'U280327',True
60560,'U280337Z',True
60563,'U280341Z',True
60564,'U280342Z',True
60569,'U280351Z',True
60571,'U280353Z',True
60573,'U280355Z',True
60586,'U280373',True
60626,'U300118Z',True
60628,'U300124Z',True
60632,'U300128',True
60633,'CG300129',True
60643,'U310124Z',True
60680,'U330175Z',True
60682,'U330177Z',True
60683,'U330178Z',True
60687,'F330185P',False
60688,'U330186Z',True
60702,'U330230Z',True
60724,'U340002Z',True
60727,'U340200Z',True
60728,'U340308',True
60734,'U340316Z',True
60735,'U340317P',True
60737,'F340321P',False
60741,'U340403Z',True
60744,'U340411Z',True
60745,'U200120100',True
60769,'U340800P',True
60770,'U340900Z',True
60772,'U340906Z',True
60806,'U350210Z',True
60809,'U350218Z',True
60876,'U370446-1PZ',True
60884,'U370534-20',True
60944,'U380700Z',True
60946,'U380702',True
60950,'F380715P',False
60975,'U380914Z',True
60976,'U380915Z',True
60981,'U380938',True
60982,'U380939Z',True
60995,'U380964Z',True
60996,'U380965Z',True
61011,'U380991Z',True
61013,'U380993Z',True
61021,'U381720Z',True
61025,'U381724Z',True
61028,'U381728Z',True
61181,'U422404P',True
61241,'F430168',False
61260,'U430215',True
61309,'U430536',True
61327,'U430909',True
61584,'U602813-3Z',True
61641,'U603897',True
62286,'U730077Z',True
62376,'U746803Z',True
62382,'U747003Z',True
62430,'U792000Z',True
62654,'U8048101',True
62733,'U8071701',True
62799,'U8105901',True
62836,'U8117601',True
62875,'U8127701Z',True
62897,'U8134601',True
63206,'F8187203',False
63326,'U8204701P',True
63394,'U8221403',True
63561,'U8265501',True
63620,'U8286401',True
63807,'8322803',True
63810,'U8322806',True
63816,'U8322905P',True
63820,'U8322909P',True
63921,'U8344501',True
64121,'U8382804',True
64198,'U8390801',True
64282,'F8406303',True
64283,'U8406304',True
64513,'U8435501',True
64518,'U8436001',True
64684,'U8456201',True
64826,'U8485401',True
64880,'U8496601',True
65134,'U8525501',True
65173,'U8529701',True
65301,'U8546601',True
65326,'U8548801',True
65546,'U8567501',True
65599,'U8577201',True
65744,'U8597801P',True
65746,'U8597803',True
65751,'U8598101P',True
65936,'U8623401',True
66316,'U977P3',True
66317,'U980P3',True
66318,'U982P3',True
66319,'U983P3',True
66685,'G193912',False
66859,'G333674',True
66902,'G582P3',True
67553,'H87533014',True
67620,'H96428560PZ',True
67673,'M400008',False
67679,'M400022',True
67684,'M400034',True
67697,'M400090Z',True
67719,'M400522BZ',True
67736,'M400661',True
67762,'M400780Z',True
67779,'M400912Z',True
67786,'M400944Z',True
67804,'M401000Z',True
67827,'M401182Z',True
67833,'M401223Z',True
67845,'M401256Z',True
67853,'M401357P',False
67854,'M401360Z',True
67855,'M401362Z',True
67857,'M401365Z',True
67859,'M401369',True
67862,'M401375',True
67865,'M401404Z',True
67910,'M402745Z',True
67988,'M406103Z',True
68009,'M406789Z',True
68012,'M406788',True
68020,'M409152Z',True
68049,'M410041',True
68050,'M410042Z',True
68066,'M411813',True
68082,'M410900PZ',True
68083,'M410901PZ',True
68100,'M411134Z',True
68106,'M411191P',False
68117,'M411333',True
68136,'M411425Z',True
68160,'M411683Z',True
68196,'M412156Z',True
68206,'M412227Z',True
68214,'M412362',True
68371,'M413468Z',True
68372,'M413470P',False
68408,'M413614Z',True
68507,'M414215',True
68535,'M414368P',True
68555,'M414564Z',True
68563,'M414704Z',True
68574,'M4221P4',True
68588,'M925P3',True
68609,'M4640P3Z',True
68649,'M4834P3',True
68663,'M4936P3',True
68776,'RB150003',True
68780,'RB170002',True
75667,'SPPRI340055051',True
75967,'SPPRI610060077',True
76979,'5191-108-001',True
76980,'5191-108-003',True
76984,'5191-109-002',True
76985,'5191-109-003',True
77020,'5192-294-001',True
77021,'5192-295-001',True
77038,'5192-299-001',True
77039,'5192-299-002',True
77063,'6292-006-007',True
77066,'6292-006-010',True
77361,'8502-757-002',True
77365,'8502-759-002',True
77476,'8538-151-002',True
77512,'8636-018-001',True
77572,'8640-399-008',True
77593,'8640-414-006',True
77660,'8641-589-002',True
77661,'8641-589-002',True
77685,'8641-585-001',True
77764,'8711-004-001',True
77770,'8711-007-002',True
77773,'8711-009-001',True
77782,'8711-013-001',True
77835,'9021-001-010',True
77879,'9021-016-001',True
77887,'DX-9021-042-001',False
77903,'9021-093-001',True
77904,'9021-094-001',True
77967,'9029-226-001',True
77989,'9035-062-002',True
77998,'9036-130-001',True
78003,'9036-159-001',True
78004,'9036-159-002',True
78009,'9036-159-007',True
78044,'9040-073-009',True
78046,'9040-073-010',True
78047,'9040-073-011',True
78048,'9040-073-012',True
78053,'9040-076-003',True
78054,'9040-076-004',True
78055,'9040-076-005',True
78056,'9040-076-006',True
78057,'9040-076-008',True
78058,'9040-076-009',True
78060,'9040-076-011',True
78062,'9040-077-001',True
78065,'9040-077-003',True
78067,'9040-077-005',True
78069,'9040-079-002',True
78140,'9053-067-002',True
78147,'9053-077-001',True
78306,'9095-043-001',True
78315,'DX-9099-012-002P',False
78318,'9099-012-005',True
78327,'9107-068-001',True
78346,'9108-095-005',True
78390,'9118-049-001',True
78392,'9118-049-003',True
78444,'9150-051-001',True
78446,'DX-9150-053-001',False
78475,'9200-001-002',True
78496,'9206-164-009',True
78512,'9206-411-002',True
78513,'9206-413-001',True
78514,'9206-413-002',True
78519,'9206-419-001',True
78521,'9206-420-002',True
78522,'9206-420-003',True
78524,'9206-420-005',True
78531,'9206-425-001',True
78534,'9206-431-001',True
78600,'9212-002-003',True
78625,'9242-175-005',True
78627,'9242-175-007',True
78638,'9242-449-003',True
78661,'9242-456-001',True
78696,'9244-080-003',True
78700,'9244-082-001',True
78702,'9244-084-001',True
78710,'9244-090-002',True
78711,'9244-091-001',True
78717,'DX-9248-022-002P',False
78782,'9278-040-001',True
78785,'9278-043-001',True
78805,'9307-176-001',True
78806,'9307-176-001',True
78940,'9375-028-013',True
78945,'9375-028-018',True
78962,'9375-030-004',True
78964,'9375-030-006',True
78976,'9375-031-002',True
78978,'9375-031-004',True
78993,'9375-033-002',True
79060,'9376-307-003',True
79061,'9376-308-001',True
79069,'9376-311-005',True
79074,'9376-316-001',True
79075,'9376-317-001',True
79077,'9376-317-003',True
79085,'9376-322-001',True
79089,'9376-329-001',True
79091,'9376-331-001',True
79134,'9379-183-001',True
79148,'9379-183-012',True
79164,'9379-194-001',True
79169,'9379-199-001',True
79171,'9379-199-002',True
79176,'9379-202-001',True
79178,'9379-202-002',True
79272,'9412-167-001',True
79296,'9412-199-001',True
79299,'9412-205-002',True
79301,'9412-206-002',True
79303,'9412-207-002',True
79305,'9412-208-002',True
79309,'9412-210-002',True
79313,'9412-212-002',True
79317,'9412-214-002',True
79395,'9435-029-001',True
79399,'9435-032-001',True
79405,'9435-038-002',True
79442,'9451-181-004',True
79443,'9451-181-005',True
79496,'9452-770-001',True
79525,'9453-169-010',True
79528,'9453-169-013',True
79530,'9453-170-002',True
79536,'9453-175-002',True
79618,'9454-736-001',True
79645,'9454-814-001',True
79684,'9454-904-001',True
79685,'9454-905-001',True
79697,'9456-041-007',True
79711,'9467-025-001',True
79720,'9471-015-001',True
79722,'9471-016-003',True
79738,'9473-004-007',True
79740,'9473-004-009',True
79741,'9473-005-001',True
79742,'9473-006-001',True
79749,'9473-009-005',True
79750,'9473-010-001',True
79752,'9475-002-003',True
79756,'9483-004-001',True
79757,'9483-004-002',True
79766,'9486-137-002',True
79770,'9486-149-001',True
79785,'9487-238-004',True
79788,'9487-200-006',True
79801,'9487-234-001',True
79802,'9487-234-002',True
79880,'DX-9501-004-001',False
79881,'9501-004-002',True
79882,'9501-004-003',True
79885,'9501-006-001',True
79904,'9527-002-002',True
79939,'DX-9532-143-001',False
79946,'9534-151-000',True
79948,'9534-319-002',True
79976,'9536-074-001',True
80016,'9538-157-015',True
80027,'9538-163-006',True
80039,'9538-173-002',True
80090,'9539-457-002',True
80091,'9539-457-003',True
80092,'9539-457-004',True
80094,'9539-460-001',True
80101,'9539-461-007',True
80102,'9539-461-008',True
80103,'9539-461-009',True
80120,'9539-474-004',True
80121,'9539-474-005',True
80136,'9539-487-001',True
80138,'9539-488-001',True
80139,'9539-489-001',True
80140,'9539-489-002',True
80141,'9539-490-001',True
80143,'9539-491-001',True
80144,'9539-492-001',True
80152,'9539-501-001',True
80184,'9545-008-012',True
80191,'9545-008-023',True
80194,'DX-9545-008-026P',False
80197,'9545-008-030',True
80224,'9545-012-028',True
80248,'9545-018-017',True
80250,'9545-018-019',True
80253,'9545-018-024',True
80286,'9545-029-012P',True
80311,'9545-045-010',True
80317,'9545-053-002',True
80321,'9545-056-001',True
80367,'9552-013-000',True
80385,'9555-057-002',True
80388,'9555-057-008',True
80412,'9568-011-001',True
80431,'9571-350-004',True
80465,'9576-203-002',True
80471,'DX-9576-207-003',False
80474,'9576-207-006',True
80475,'9576-207-008',True
80479,'9576-209-003',True
80518,'9586-001-001',True
80539,'9627-676-002',True
80698,'9627-863-001',True
80753,'9627-911-001',True
80782,'9631-403-001',True
80783,'9631-403-002',True
80784,'9631-403-003',True
80789,'9631-403-009',True
80799,'9635-018-001',True
80804,'9635-020-001',True
80806,'9635-022-001',True
80861,'9732-102-001',True
80886,'9732-102-034',True
80892,'9732-102-044',True
80922,'9732-120-001',True
80925,'9732-126-001',True
80932,'9732-127-012',True
80950,'9732-139-002',True
81004,'9732-191-001',True
81005,'9732-194-001',True
81015,'9732-205-008',True
81028,'9732-205-027',True
81063,'9732-219-001',True
81067,'9732-219-005',True
81104,'9732-223-001',True
81135,'9732-249-001',True
81155,'9732-278-001',True
81166,'9732-283-001',True
81177,'9732-287-001',True
81186,'9732-294-001',True
81252,'9732-308-002',True
81253,'9732-309-001',True
81254,'9732-310-001',True
81260,'9732-315-001',True
81278,'9732-344-001',True
81279,'9732-344-002',True
81280,'9375-015-006',True
81288,'9732-345-008',True
81289,'9732-347-001',True
81388,'9781-001-001',True
81399,'9794-001-001',True
81462,'9801-059-004',True
81464,'9801-059-006',True
81479,'9801-077-001',True
81490,'9801-099-001',True
81497,'9801-103-001',True
81524,'9803-160-003',True
81544,'9803-214-001',True
81553,'9805-039-001P',True
81569,'9806-012-004',True
81570,'9806-012-005',True
81580,'9806-013-002',True
81581,'9806-013-003',True
81583,'9806-013-005',True
81590,'9806-015-003',True
81603,'9806-023-005',True
81605,'9806-026-001',True
81618,'9807-099-001',True
81637,'9822-026-001',True
81638,'9822-026-002',True
81640,'9822-031-001',True
81641,'9822-031-002',True
81717,'9848-139-001',True
81726,'9848-147-001',True
81730,'9848-149-001',True
81735,'9848-151-001',True
81753,'9857-116-002',True
81754,'9857-116-003',True
81765,'DX-9857-132-004',False
81770,'9857-134-001',True
81783,'9857-147-010',True
81795,'9857-182-001',True
81799,'9857-192-001',True
81800,'9857-193-001',True
81801,'9857-198-001',True
81802,'9857-198-002',True
81803,'9857-198-003',True
81821,'9861-022-001',True
81822,'9861-022-002',True
81824,'9861-024-002',True
81826,'9861-024-004',True
81833,'9866-004-001',True
81842,'9866-007-001',True
81904,'9875-002-003',True
81917,'9885-018-001',True
81925,'9885-031-001',True
81928,'9892-014-001',True
81930,'9892-015-001',True
81969,'9908-039-004',True
81975,'9908-042-006',True
81976,'9908-043-002',True
81979,'9908-048-003',True
81987,'9913-134-003',True
82005,'9914-137-015',True
82059,'9938-040-002',True
82182,'9955-029-002',True
82223,'9960-256-039',True
82246,'9960-274-002',True
82269,'9108-123-003',True
82316,'9962-010-006',True
82319,'9962-017-002',True
82320,'9962-018-002',True
82330,'9966-014-002',True
82661,'9991-053-001',True
82662,'9991-053-002',True
82686,'T-300B120C-2',True
82687,'T-300B208C-2',True
82688,'T-300K120C-2',True
82690,'T-400BC-2',True
82691,'T-400KC-2',True
82692,'T-600BC-2',True
82694,'T-900BC-2',True
82695,'T-900KC-2',True
82696,'T-1200BC-2',True
82697,'T-1200KC-2',True
82717,'T-30X2BSSCG-2',True
82718,'T-30X2BSCCG-2',True
82723,'T-50X2BSSCG-2',True
82724,'T-50X2BSCCG-2',True
82726,'T-50X2KSSCG-2',True
82732,'T-30BWCG-2',True
82736,'T-30KSSCG-2',True
82758,'T-400OPL6',True
82760,'T-900OPL6-2',True
82761,'T-1200OPL6-2',True
82764,'T-650OPL6-2',True
82766,'T-950OPL6',True
82780,'T-30X2OPLW-2',True
82788,'T-50OPL-2',True
82792,'T-80OPL-2',True
82794,'T-80OPLR-2',True
82801,'T-80OPL-O-2',True
82809,'T-300B208CX-2',True
82812,'T-400BCX-2',True
82814,'T-600BCX-2',True
82816,'T-900BCX-2',True
82818,'T-1200BCX-2',True
82845,'T-30X2BSSCGX-2',True
82846,'T-30X2BSCCGX-2',True
82857,'T-50X2BSSCGX-2',True
82902,'T-80BSCCGX-2',True
83018,'Harmony Additive',False
83019,'SPOTTING ALLEGRO',False
83020,'SPOTTING TEMPO',False
83035,'100-002',True
83249,'110-001',True
83336,'140-322',True
83456,'U150469Z',True
83483,'170-006',True
83709,'BC-220-044',False
83745,'230-004',True
83758,'230-027',True
83786,'250-304',True
83798,'250-503',True
83804,'250-804',True
83939,'BC-280-004',False
83940,'K280005R',True
83946,'280-010',True
83974,'280-040',True
84023,'BC-280-076',False
84198,'U280306Z',True
84231,'280-359',True
84260,'280-511',True
84308,'280-712',True
84642,'340-001',True
84751,'340-321',True
84764,'340-701',True
84766,'340-709',True
84835,'BC-360-012',False
84837,'360-014',True
84953,'370-093',True
84981,'370-150',True
84983,'370-155',True
85024,'370-577',True
85123,'372-035',True
85150,'380-022',True
85155,'380-026',True
85183,'380-071',True
85370,'BC-380-626',False
85377,'BC-381-001',False
85382,'381-295',True
85390,'381-707',True
85392,'381-707',True
85424,'BC-390-004-BSPT',False
85616,'401-006',True
85771,'422-999',True
85800,'430-024',True
85814,'M430038Z',True
85983,'444-002',True
85984,'460-009-1',True
86064,'600-105',True
86068,'600-108',True
86087,'600-150',True
86093,'BC-600-163',False
86094,'BC-600-163-HE',False
86111,'600-194',True
86123,'BC-600-211',False
87199,'BMC-ARW-501',True
87274,'BC-BMC-DOD-007',False
87277,'BC-BMC-DOD-011',False
87442,'BMC-HAM-702',True
87515,'BMC-PAR-003-R',False
87891,'TOL-DEL-1425',True
87912,'BC-TS61081-BULB',False
87924,'GBX-T-CH',False
87930,'Ground shipping',False
87931,'N. day air shipping',False
87932,'2-day shipping',False
87934,'Freight',False
88299,'Hrly labor, inst w',False
89385,'BFT-300 6" 4 UNIT',True
89387,'BFT-300 8" 1 UNIT',True
89388,'BFT-300 8" 2 UNIT',True
89389,'BFT-300 8" 3 UNIT',True
89390,'BFT-300 8" 4 UNIT',True
89391,'BFT-300 8" 5 UNIT',True
89394,'BFT-300 10" 3UNIT',True
89396,'T-300 10" 5 unit',False
89410,'BFT-400 6" 4 UNIT',True
89412,'BFT-400 8" 1 UNIT',True
89413,'BFT-400 8" 2 UNIT',True
89414,'BFT-400 8" 3 UNIT',True
89415,'BFT-400 8" 4 UNIT',True
89427,'BFT-600 4" 1 UNIT',True
89432,'BFT-600 6" 1 UNIT',True
89433,'BFT-600 6" 2 UNIT',True
89434,'BFT-600 6" 3 UNIT',True
89435,'BFT-600 6" 4 UNIT',True
89437,'BFT-600 8" 1 UNIT',True
89438,'BFT-600 8" 2 UNIT',True
89439,'BFT-600 8" 3 UNIT',True
89440,'BFT-600 8" 4 UNIT',True
89442,'T-600 10" 1 unit',False
89443,'T-600 10" 2 unit',False
89452,'BFT-900 4" 1 UNIT',True
89453,'BFT-900 4" 2 UNIT',True
89454,'BFT-900 4" 3 UNIT',True
89457,'BFT-900 6" 1 UNIT',True
89462,'BFT-900 8" 1 UNIT',True
89472,'T-900 12" 1 unit',False
89477,'BFT-1200 4" 1UNIT',True
89478,'BFT-1200 4" 2UNIT',True
89479,'BFT-1200 4" 3UNIT',True
89483,'BFT-1200 6" 2UNIT',True
89488,'T-1200 8" 2 unit',False
89632,'BFT-650 6" 1 UNIT',True
89677,'BFT-950 4" 1 UNIT',True
89682,'T-950 6" 1 unit',False
89730,'AGC45',True
89731,'AGU65',True
89732,'HE-85',False
89733,'HE-110',False
89734,'AGU65',True
89738,'SP-65',False
89759,'DE-50 Electric Heat',False
89770,'DE-75-041',True
89771,'DE-120-003',True
89783,'FC-20-001',True
89804,'IC-20130',True
89854,'C-5401',True
89859,'C-5001',True
89861,'C-1491',True
89862,'C-1495',True
89864,'C-5610R1',True
89883,'MAT20PDAWW',True
89884,'MAT20PRAWW',True
89887,'MDE20PDAYW',True
89888,'MDE20PRAYW',True
89891,'MDG20PDAWW',True
89892,'MDG20PRAWW',True
89893,'MLE26PDBYW',True
89897,'MLG26PDBWW',True
89902,'MHN33PDCWW',True
89904,'MDE28PDCYW',True
89906,'MDG28PDCWW',True
89909,'MLE22PRAYW',True
89914,'89914',False
89916,'GBE-T-CH',False
89921,'89921',False
89930,'M400086PZ',True
89931,'W11298493',False
89932,'16282',False
89942,'A100117Z',True
89945,'MT279347',True
89948,'WH-WP22003804',False
89954,'3V850',True
89963,'AD-WFR883849',False
89971,'F380726',False
89972,'M400952Z',True
89980,'W11085747',False
89981,'WE12X10014',True
89982,'WFR100683',False
89983,'WP3363394',True
89984,'WP3979346',True
89988,'W10240513',True
89990,'WH-WPW10482836',False
89991,'W11256554',True
89992,'W11294756',True
89993,'W10131839',True
90003,'CCI Flex System',False
90004,'90004',False
90005,'A884265',True
90008,'3" UNISEAL',True
90011,'240DS',True
90012,'ARW-501',True
90015,'T-600OPL6-2',True
90016,'A800501Z',True
90017,'90017',False
90018,'Support charge',False
90020,'90020',False
90021,'90021',False
90023,'Special discount',False
90034,'3-day shipping',False
90038,'C-1006-1000',True
90039,'SD-WP-777',False
90047,'90047',False
90050,'90050',False
90061,'5H00161',True
90062,'FF94-1-200C',True
90063,'BFT-900 6" 3 UNIT',True
90064,'HETPN1100',True
90065,'PLT-12',True
90066,'CA MC520RL-DA',True
90067,'HMBBND-DC',True
90068,'OFFSET END',False
90069,'208/240/1 PH',False
90070,'90070',True
90071,'5B065',True
90072,'MELAMINE PANELING',False
90075,'C-5903',True
90086,'CA MC640RL-DA',True
90087,'STF 3072',False
90088,'CA TFD-305',True
90089,'W10730972',True
90091,'T-950OPL6-2',True
90092,'C-6601',False
90316,'9150-049-002',True
90362,'DX-9544-090-001',False
90476,'BluKey',False
90483,'C-5900',True
90494,'Rental of SP-45',False
90500,'T-900OPL6',True
90501,'U380619Z',True
90508,'W11089533',True
90509,'C-5403',True
90712,'M70655103',True
90726,'205217P',True
90727,'205218P',False
90789,'U380619Z',True
91101,'EXT34-T',False
91104,'Gas surcharge - Z 6',False
91105,'Serv. charge - Z 6',False
91116,'96P057A71',True
91119,'Monarch Key TD-0687',False
91132,'16A-KIT-01',False
91139,'Remove old equip',False
91142,'#494',False
91147,'VM120N',False
91148,'CA RCC-32',True
91153,'Install equipment',False
91154,'JBX-T-CH',False
91156,'W10314173',True
91180,'33950',True
91187,'WH12X10081',True
91190,'96P016A71',True
91191,'BR040700007',True
91192,'WH23X10030',True
91199,'CA TFD-244',True
91201,'SimaLube Oiler',False
91203,'CART6',False
91207,'CG511139',True
91213,'U8485401',True
91217,'FA-12097621',False
91219,'33698054',False
91220,'U380618Z',True
91222,'U380629Z',True
91226,'2W00100',False
91232,'U381702Z',True
91244,'After h /emerg call',False
91247,'A100604',True
91248,'W11205048',True
91249,'W11117409',True
91252,'WP11112160',True
91255,'W487183179',True
91259,'Delivery',False
91267,'M70468901',True
91268,'W10860788',False
91269,'C-5602',True
91271,'HETPWHC1001-PSW',True
91276,'Y71GF-4',False
91277,'9029-323-001',False
91278,'W11368858',True
91281,'9473-004-009',True
91282,'0995-114-006',True
91283,'0995-114-007',True
91284,'0995-114-052',True
91285,'0995-114-051',True
91288,'314A149',False
91289,'A128915Z',True
91290,'AC1093',True
91291,'91671',True
91292,'9473-004-010',True
91295,'C-5665',False
91296,'C-5671-ASSEM',False
91297,'C-5678',True
91299,'AC1005',True
91301,'Two-man labor',False
91306,'A130109Z',True
91312,'5V0304',False
91313,'C-1251',True
91314,'CG322701',True
91315,'CG569442',True
91316,'C-1009',False
91318,'Maytag rental',False
91319,'96P058A71',True
91320,'1-250A',True
91321,'160169',False
91322,'W10314173',True
91323,'W10131172',True
91324,'9444-006-001',True
91325,'C-0905',True
92269,'9885-024-001',True
94156,'GBE-T-BL',False
94176,'02 03588B',True
94182,'CA TFD-304',True
94183,'2" UNISEAL',True
94188,'TD-KEY-NC',False
94205,'5H00503',False
94206,'C-5602R1',False
94208,'WPW10354795',True
94211,'A881597Z',True
94212,'CG600551',True
94215,'3394341',False
94322,'9375-036-026',True
94327,'9379-183-003',True
94421,'9732-310-001',True
94579,'C-1061',True
94580,'C-1061-N',True
94581,'C-1252',True
94584,'CSTR88G',True
94592,'331A101',True
94593,'M76064Z',True
94594,'316E207',True
94595,'316E402',True
94598,'4K01293-FI',True
94599,'Stand Change Repair',False
94602,'1-SL000012-2',False
94603,'02 10545',True
94607,'HDW-050',True
94608,'HDW051',True
94609,'45489',False
94613,'9732-344-001',True
94616,'9412-233-002',True
94619,'9473-010-010',False
94624,'5L00122',True
94625,'M4640P3Z',True
94626,'9412-261-002',True
94627,'C-5520',True
94631,'D113634',True
94632,'MNT94309B',False
94641,'M400522BZ',True
94642,'RMG040P',True
94645,'CG2853853',False
94650,'21698',False
94653,'AD-WFR500302',False
94654,'RMG040.S-6"',True
94658,'487 006824',True
94659,'W487006828',True
94660,'WS-487230931',False
94661,'WS-487230930',False
94662,'W487143825',True
94663,'9150-058-001',True
94678,'94678',False
94688,'5V00220',True
94689,'4C00317-REV1',False
94692,'AD-WFR819573',False
94694,'WFR830333',True
94695,'Y23002897',True
94704,'316E302',True
94705,'W10311051',True
94706,'9534-369-001',True
94710,'CG333237',True
94711,'422204',True
94712,'333195',True
94713,'343731',True
94714,'422196',True
94715,'CG430876',True
94716,'333229',True
94717,'333245',True
94718,'CG422212',True
94719,'333252',True
94720,'W10198440',True
94723,'M44222702',True
94724,'5V00304',True
94725,'KTO75NNN0RXX6W00',False
94726,'94726',False
94727,'M400954Z',True
94728,'94728',False
94729,'94729',False
94730,'116520',True
94731,'A130201',True
94733,'94733',False
94735,'94735',False
128942,'21216',True
128948,'128948',False
124417,'WS-0024000126C',False
128900,'CA CMD-3',True
128901,'5H00510',True
67797,'M400991',True
49786,'M44132301',True
67799,'M400994P',True
89402,'BFT-400 4" 1 UNIT',True
89377,'T-300 4" 1 unit',False
82962,'T-50OPLEH20824-2',True
82746,'T-80BSCCG',True
128943,'AC 101',False
128944,'SST306',False
68179,'M412025P',True
128941,'AC9030',True
68613,'M4644P3',True
64491,'U8433001',True
48338,'205241',False
90013,'T-400OPL6-2',True
89407,'BFT-400 6" 1 UNIT',True
82786,'T-30OPL-2',True
89393,'BFT-300 10" 2UNIT',True
89392,'BFT-300 10" 1UNIT',True
89418,'BFT-400 10" 2UNIT',True
89417,'BFT-400 10" 1UNIT',True
123948,'WS-487221931',False
128914,'CG-KT055EFN0RGH6W00',False
124055,'WS-0000600001',False
76216,'TU3240H',True
89903,'MHN33PRCWW',True
89905,'MDE28PRCYW',True
49457,'44057501P',False
68305,'M412981Z',True
59392,'M413923Z',True
49345,'M413924Z',True
128909,'PK33 0011',False
128910,'02 10342G',True
128911,'56VA038X',True
128912,'56VA037X',True
128913,'56VA078X',True
128906,'TR-2F',False
63639,'F8288401',False
89896,'MLE27PDBYW',True
128902,'Blucard Plus',False
117620,'A137213Z',True
90478,'RCC-35',False
90479,'PKBCH 6',False
59130,'U370534-10Z',True
60091,'U200166402',True
61024,'U381723P',True
83421,'150-021',True
82708,'T-1450BC-2',True
89702,'BFT-1450 4" 1 UNIT',True
68017,'M409090P',False
68453,'M413832',True
78066,'9040-077-004',True
89901,'MLG27PRBWW',True
128892,'Payrange paystation',False
128890,'75CPC',False
89383,'BFT-300 6" 2 UNIT',True
89408,'BFT-400 6" 2 UNIT',True
82734,'T-30BSCCG-2',True
89384,'BFT-300 6" 3 UNIT',True
89409,'BFT-400 6" 3 UNIT',True
128886,'1200-vcnc',False
128885,'KT075SSFNDRXH6W00',False
128884,'KT055FNORXH6W00',False
128882,'RMG033P110211100',True
128883,'RMG033.5 6"',False
80192,'DX-9545-008-024P',False
107240,'136987',True
115421,'A165114',True
94419,'DX-9732-142-003',False
77359,'8502-756-002',True
82974,'T-80OPLEH20830-2',True
82776,'T-950OPL-O',True
82808,'T-300B120CX-2',True
91241,'CA TFD-306',True
91151,'CMD-4',False
94722,'CART-801',False
82803,'T-80OPLR-O-2',True
49452,'44057201P',False
94696,'LG-GW 22 lb.',False
94697,'LG-GDE OPL',False
94698,'94698',False
94699,'LG LT-TW OPL',False
94700,'94700',False
62361,'U745010Z',True
62444,'U798824-00Z',True
94686,'WH-W10606694A',False
94682,'A450MIL',False
94683,'Forenta 32VB',False
94681,'FO-822SBSP',False
94680,'FO-42COU WCB',False
82722,'T-50X2BWCG-2',True
82716,'T-30X2BWCG-2',True
82744,'T-80BWCG-2',True
94679,'SWD-50-OPLG-2',True
89441,'932-9335-0',False
90084,'F200142P',False
94181,'Andrew's Test 2',False
94214,'AWCT-40',False
94666,'94666',False
94665,'5L00113',True
94684,'5I00113',False
94685,'A800837',True
94690,'9454-992-001',True
82710,'SWD20-BCG-2',True
89508,'SST306B',False
94586,'94586',False
89637,'CA-RCC-2',False
82901,'T-80BSSCGX-2',True
89482,'5V00352',True
82759,'KTN030NFN0RXH6W00',False
82952,'T-30OPLSSEH20820-2',True
82756,'T-300120OPL6-2',True
94332,'DX-9379-183-011',False
82790,'T-50OPLR',True
82805,'T-30OPL-O-2',True
82797,'T-50OPL-O-2',True
94636,'EH040L1102111001',False
94635,'KT050E FN0R G H6W00',False
94618,'RMG055 base frame',False
82796,'T-120OPL-2',True
94644,'EH130I2102111010',True
94643,'DP-392',False
75986,'SPPRI611010080',False
89999,'89999',False
94159,'Dexter rental',False
94639,'DX-9999-758-038',False
84295,'BC-280-548',False
94633,'CG509646',True
94634,'CG439661',True
82782,'T-50X2OPLSG-2',True
94185,'94185',False
68185,'M412090',False
49459,'44057503P',False
91197,'91197',False
94617,'EH040 single 6 BF',False
60001,'U200131000P',True
94163,'AF-1.7.S',False
56276,'943P3P',False
48980,'430619',False
63808,'U8322804',True
64952,'U8508501',True
94622,'F85-0200P-C-NF',False
89912,'WHP0400VW',True
89752,'FFCH3',False
94620,'FFCH4',False
89997,'17386',False
89998,'18136',False
90028,'18137',False
87259,'BC-BMC-CAP-002',False
77902,'9021-092-002',True
94615,'8-1286-28-7',True
79758,'9483-004-003',True
89419,'CO 8-1275-42-06',False
89404,'89404',False
94614,'HE-35 Base frame',False
90010,'DX-9999-781-007',False
82773,'DX-9999-778-001',False
82807,'T-120OPLR-O-2',True
89379,'Highmark 30x48',False
89378,'HMMB3',False
89429,'89429',False
89458,'3645',False
82738,'T-50BWCG-2',True
89678,'WP10843663',True
94610,'JBL-T-CH',False
79764,'9486-136-001',True
81950,'DX-9897-035-001P',False
67732,'M400637P',True
57905,'D510717P',False
68645,'M4819P3',True
89908,'36534',False
128887,'L4006A-1132',False
90511,'115',False
89882,'89882',False
89886,'89886',False
94605,'137005',False
94588,'MC300RL',False
94590,'MC500RL-DA',False
94589,'ST-120',False
94587,'NATCO F-85-0400',False
94591,'FF94-400-C-NG',False
94585,'AC500',True
68527,'M414312P',False
89894,'PLT-20',False
89382,'BFT-300 6" 1 UNIT',True
65748,'U859705P',True
94583,'94583',False
94582,'Pipe fittings',False
82852,'T-30X2BSCCS-2',True
83008,'83008',False
94575,'94575',False
94576,'94576',False
94577,'201GHB 6',False
94578,'94578',False
82745,'T-80BSSCG-2',True
68607,'M400519Z',True
94213,'36583',False
94209,'Route collection',False
94210,'Route repair',False
94207,'45487',False
79083,'9376-319-001',True
89907,'89907',False
62450,'U745005S',True
94201,'U745006',True
62026,'U633430',True
89900,'SCN 40 8" 1 UNIT',False
85066,'371-039',True
83404,'150-002',True
83405,'150-003',True
84912,'370-050-B1',True
85667,'420-034',True
86419,'BC-600-787',False
86417,'600-785',True
86110,'600-193',True
62275,'F730026',False
82957,'DX-9999-690-021',False
89746,'ST-200A-200',False
89775,'Start-up training',False
89823,'36584',False
90048,'BFT-600 6" 1 UNIT',True
94196,'94196',False
86143,'600-138',True
82926,'SWD-OPL24-208G-2',True
91096,'TR100 HIG TROUGH',False
94195,'E6XX PPE-6',False
82864,'T-50X2BSCCS-2',True
67596,'H96382023P',True
80618,'9627-791-005',True
80620,'9627-792-001',True
80628,'9627-796-002',True
80621,'9627-793-001',True
80622,'9627-794-001',True
80626,'9627-795-004',True
80629,'9627-797-001',True
80745,'9627-908-013',True
77182,'8220-062-004',True
80775,'DX-9631-381-018',False
77083,'DX-8220-001-231',False
80584,'9627-747-002',True
77245,'8220-078-008',True
81598,'9806-022-001',True
82116,'9942-040-002',True
78397,'9119-028-001',True
80174,'DX-9545-008-001P',False
82607,'9989-560-001',True
79473,'DX-9452-625-001',False
77583,'DX-8640-412-005P',False
78826,'9355-001-001',True
77988,'9035-062-001',True
79774,'9486-158-001',True
77606,'DX-8640-424-002P',False
80019,'DX-9538-157-018P',False
77579,'DX-8640-411-002P',False
77580,'DX-8640-411-003P',False
77886,'9021-041-001',True
80021,'DX-9538-157-020P',False
79490,'DX-9452-725-001',False
77581,'8640-412-003',True
80363,'9550-184-001',True
79316,'9412-214-001',True
77502,'M410826Z',True
79775,'DX-9486-159-001',False
94193,'45RX',False
94194,'DX-9538-192-001',False
94190,'22934',False
94191,'94191',False
80864,'DX-9732-102-004',False
94189,'94189',False
82733,'T-30BSSCG-2',True
79135,'DX-9379-183-002',False
94186,'94186',False
94187,'94187',False
89386,'CG433656',True
44620,'110',False
94180,'AC2221',True
94177,'438 9555-11',False
94178,'W11182096',False
94179,'W1073972',False
94175,'W10137455',True
94174,'209/00324/00',False
94173,'9805-029-002',True
82712,'SWD-CBG-2',True
82740,'T-50BSCCG-2',True
94172,'D510061',False
89895,'210/32311/04',False
94170,'9001377',True
94169,'94169',False
94168,'BC-100-197',False
81923,'9885-023-001',True
78624,'9242-175-004',True
94157,'170-021',True
94155,'BC-170-040-1',False
90497,'BC-220-014',False
94153,'IF-32130 gas heated',False
94154,'DE-75 Gas Heat',False
90489,'DE-170 Gas Heat',False
68237,'M412519',True
94152,'DE-30 GH 120/60/1',False
62384,'U747005Z',True
48822,'U390P4-1',True
91263,'DE-50 GH 120/60/1',False
82739,'T-50BSSCG-2',True
91326,'DE-50 GH 208-230',False
91287,'DE-75 Steam Heat',False
91286,'HE-35',False
46266,'M203564P',True
91317,'HP-125',False
90491,'PF-3',False
89411,'PS-1',False
46928,'SP-110 110 lb',False
82772,'SP-45',False
89507,'SP-50',False
82771,'SP-75',False
91245,'DX-9999-782-003',False
81014,'9732-205-007',True
50814,'44336301',False
80096,'9539-461-001',True
91307,'TS-93',False
91308,'ALSCK078',True
89399,'C-6801',True
68692,'MTR301P',True
76114,'TU12932Z',True
89765,'C-5650R1-RR',False
91123,'C-1062',True
91181,'KT170S NN0R Q A6W00',False
91302,'CG333708',True
91303,'EH030L1102111',True
91304,'RMG055P110211100',True
91305,'GWNSX2',False
91106,'13EBR2-WWKSG-USX',False
91300,'9050-060-001',True
66297,'U0635965-00',True
89769,'71EB2X-SWKSG-USX',False
89736,'87EP3X-SWKCG-USX',False
68667,'M4954P3',True
57678,'D505905P',False
90510,'C-5405',False
68511,'M414232',True
56148,'M917P3',True
68299,'M412931',True
68289,'M412885P',True
44849,'1150012611',False
83165,'BC-100-153',False
77760,'8711-002-001',True
59119,'U0370455-20P',True
44869,'00116',True
82967,'DX-9999-692-013',False
79136,'SWD50-OPLG',True
91309,'T-350OPL-O',True
89729,'T-450OPL-O',True
79145,'T-600OPL6',True
90081,'C-5624',True
50294,'44264801',False
52211,'70032801P',False
91242,'C-6936',False
91257,'CA TFD-246',True
91262,'A882543',True
85299,'BC-380-177-1',False
56104,'90000261UL00',False
91110,'HCN-35 6"',False
68635,'M4772P3',False
91261,'15743',False
91260,'A-1820',False
89735,'25649',True
91258,'16966',True
91256,'DE-75-019',True
73887,'SP554310',False
89885,'MDE20CSAYW',True
91133,'vertical 8',False
54807,'800428P',False
54856,'800749P',False
65084,'U8521801',True
90636,'807875',False
54831,'M800622Z',True
68065,'M410541P',False
76998,'5192-285-004',True
80772,'9627-946-003',True
68644,'M4818P3Z',True
91253,'WE12M29',True
91210,'WE4X881',True
68409,'M413615Z',True
68611,'M4642P3',True
82268,'9108-123-003',True
82953,'T-30OPLE240601-2',True
82931,'T-30X2OPLWFSD-2',True
89890,'77-1054-44',True
62898,'U8134602P',True
44622,'111',False
91198,'30604-post',False
48348,'M31111PZ',True
91167,'HMES4',True
68682,'M4986P3',True
77033,'5192-296-001',True
62649,'U8047401',True
91225,'HF70-3T',False
91236,'HF70',False
91237,'CCI missing parts',False
91238,'SC0450 4" BF',False
53613,'M70442101',True
84915,'370-051',True
89926,'SC0750NE',False
91246,'91626',False
89467,'SC0350 4" BF',False
91170,'EH060L1102111000',True
89925,'BFT-1200 6" 1UNIT',True
91206,'BFT-300 12" 1UNIT',True
91243,'BFT-300 12" 3UNIT',True
91239,'T-300 4" 2unit',False
67872,'M401680Z',True
81978,'9908-047-002',True
91140,'T-300 4" 3unit',False
79487,'9452-701-001',True
91230,'BFT-300 6" 5 UNIT',True
91229,'AF-1-S',True
53555,'M70429601',True
82770,'BFT-350 6" 1 UNIT',True
80896,'9732-102-048',True
91227,'BFT-350 6" 2 UNIT',True
91228,'BFT-400 10" 3UNIT',True
81247,'9732-307-001',True
81226,'DX-9732-306-008',False
81222,'9732-306-004',True
87443,'BMC-HAM-900',True
89772,'BFT-400 4" 3 UNIT',True
65208,'9001355',True
91211,'C-0963',True
91212,'BFT-400 4" 4UNIT',True
91215,'BFT-400 6" 5 UNIT',True
58972,'F017012402',False
49610,'M44086901',True
79053,'9376-300-001',True
91209,'T-400 8" 5unit',False
91196,'BFT-600 12" 1UNIT',True
59152,'U0381737-00Z',True
91205,'CSTR88G',True
91204,'T-975OPL-2',True
81910,'DX-9883-009-001P',False
62712,'U8066802',True
50282,'M413835P',True
67889,'M402144Z',True
67941,'M404992',True
67864,'M401402',True
67677,'M400015',True
67942,'M404993Z',True
89463,'BFT-600 12" 2UNIT',True
91189,'BFT-600 4" 3 UNIT',True
91194,'200-142',True
91195,'200-003',True
59111,'F037044860-1',False
91183,'BFT-600 8" 5 UNIT',True
91171,'BFT-650 8" 1 UNIT',True
91172,'A883515',True
91173,'BFT-900 10" 1UNIT',True
91174,'BFT-900 6" 2 UNIT',True
91107,'BFT-900 8" 2 UNIT',True
79805,'9487-234-005',True
85777,'430-006',True
86196,'BC-600-474',False
85774,'430-002',True
85773,'430-001',True
85775,'430-003',True
86062,'600-103',True
62302,'U730202Z',True
59115,'U0370453-00Z',True
81463,'9801-059-005',True
91095,'BFT-950 4" 2 UNIT',True
82714,'SWD50-BCG-2',True
91098,'MDE20MNBYW',True
82706,'T-950BC-2',True
91152,'MLE26PRBYW',True
90040,'MLE26PRKYW',True
91169,'MDG28PRCWW',True
81428,'9799-002-003',True
77956,'9029-175-001',True
91164,'9803-207-001',True
91165,'MDG20MNBWW',True
90035,'MLG27PDBWW',True
91141,'MLE22PDAYW',True
91155,'W10314171',True
91149,'CA TFD-305',True
89737,'MAT20MNAWW',True
55650,'805217P',False
55932,'807175P',False
55478,'804393',False
91138,'4L720R',False
83581,'190-850',True
61008,'U380987',True
89739,'GBS-T-CH',False
58973,'U017014301',True
91137,'TH1-75t-125',False
65490,'U8563203',True
82937,'BX1001535',False
87681,'BMC HE-65-BASE',True
82184,'9955-031-001',True
81669,'9845-006-001',True
81670,'9845-007-001',True
68030,'M409433',False
91130,'46X',False
59703,'U170117Z',True
91129,'9732-359-006',True
80521,'9610-001-001',True
79184,'9381-010-001',True
78107,'9048-018-001',True
81642,'9822-033-001',True
91126,'WH-WP8540221',False
91128,'HARMONY 161/220',False
91121,'WUD 161G 208',False
60278,'U200321200',True
60070,'U200162700',True
61331,'U430916Z',True
61390,'F431023',False
90037,'WUD 161G 208 2',False
63393,'F8221402',False
63395,'U8221701',True
89785,'WUN 55 208-240/60/3',False
82650,'9990-027-013',True
59147,'U0381014',True
79144,'DX-9379-183-009',False
50658,'M44319902',True
78601,'9212-002-004',True
60968,'F380800P',False
67638,'K188',True
57798,'D510265LGP',False
68779,'RB170001',True
84911,'370-050',True
84232,'280-360',True
80999,'9732-183-001',True
87518,'BMC-PAR-005',True
84955,'370-094',True
63799,'U370441',True
81128,'9732-237-001',True
76242,'TU4794',True
77608,'DX-8640-425-002P',False
50796,'44334409',False
81281,'9375-015-008',True
81011,'9732-205-003',True
78787,'9278-044-001',True
83263,'130-198',True
79656,'9454-836-001',True
82327,'9966-012-001',True
81912,'DX-9883-011-001',False
90014,'DX-9999-769-004',False
81804,'9857-198-004',True
87272,'BC-BMC-DOD-005',False
87637,'U370606Z',True
82144,'DX-9945-137-001',False
60184,'M200166302Z',True
90093,'W11375548',True
84211,'280-327',True
77068,'6292-006-013',True
60701,'F330227',False
90502,'A5186',False
60733,'U0340343-00P',True
77586,'DX-8640-413-003P',False
80004,'9538-139-002',True
80970,'9732-148-002',True
90490,'WH-WPW10432353',False
90486,'MAYTAG W11222084',False
81903,'9875-002-002',True
86012,'BC-600-006',False
79527,'9453-169-012',True
64271,'U8404401',True
80877,'9732-102-023',True
80005,'DX-9538-142-001P',False
53458,'70411901',False
81147,'9732-267-001',True
63486,'U8232901',True
82998,'T-80OPLR-O-FIRE-2',True
45897,'201842W',False
46544,'204738',False
84647,'M400954Z',True
82693,'T-600KC-2',True
82720,'T-30X2KSSCG-2',True
49384,'44048903',False
49383,'44048902',False
82795,'T-80OPLSSR-2',True
53818,'70483201P',False
53045,'70323701P',False
81954,'DX-9897-036-002P',False
81552,'9805-029-002',True
90051,'28387',False
46858,'2090020311',False
85997,'460-719',True
83024,'0110154-2',True
83022,'BC-0110151-2',False
83021,'BC-0110150-2',False
85241,'BC-380-126',False
80697,'9627-862-001',True
90053,'W10810403',True
90052,'W10803340',True
80047,'9538-189-001',True
77609,'DX-8640-426-001P',False
78311,'9095-049-001',True
68594,'M4525P3P',False
68767,'Q8152',True
46859,'2090020312',False
81150,'9732-273-001',True
85374,'BC-380-724',False
81981,'9908-051-001',True
82702,'T-650BC-2',True
45917,'201999',False
90044,'CG511089',True
78404,'9122-005-004',True
51910,'570315',False
90009,'DRAIN TROUGH',True
90006,'A880251Z',True
90007,'A820017',True
44917,'121',False
86021,'600-027',True
79725,'9471-022-001',True
76658,'DX-0935-135-001',False
89989,'WS-438970601',False
77564,'8640-397-002',True
78024,'9039-915-001',True
77671,'DX-8641-582-007P',False
77651,'DX-8641-581-017P',False
83053,'100-023',True
53788,'M70475001',True
90025,'RBPS-1000',True
44871,'00117',True
88285,'DRAIN TROUGH',True
87929,'08BNCMOT',True
44950,'127',False